Crop,DAP,Growth_Stage,Temperature,Humidity,Soil_Moisture,Rainfall,irrigation_needed
Red Gram,57,Flowering,26,67,409,1,No
Ragi,6,Germination,26,44,409,0,Yes
Ragi,45,Flowering,25,60,409,0,Yes
Red Gram,47,Flowering,25,63,409,0,No
Ragi,85,Grain/Pod Filling,27,57,409,0,No
Ragi,94,Maturity,26,58,409,0,Yes
Red Gram,4,Germination,24,54,409,0,Yes
Red Gram,74,Grain/Pod Filling,24,49,409,0,Yes
Red Gram,40,Flowering,24,44,419,0,Yes
Ragi,5,Germination,23,53,419,0,Yes
Groundnut,93,Grain/Pod Filling,24,52,419,0,No
Ragi,38,Flowering,26,58,419,0,Yes
Red Gram,59,Grain/Pod Filling,26,56,419,0,No
Ragi,42,Flowering,27,50,419,0,Yes
Groundnut,71,Grain/Pod Filling,26,50,419,0,No
Red Gram,68,Grain/Pod Filling,25,51,419,0,No
Red Gram,75,Grain/Pod Filling,25,50,419,0,No
Groundnut,51,Flowering,25,47,419,0,No
Ragi,37,Flowering,26,44,419,0,Yes
Ragi,25,Vegetative,27,49,419,0,Yes
Red Gram,34,Flowering,26,44,419,0,Yes
Ragi,25,Vegetative,26,34,419,0,Yes
Groundnut,109,Maturity,26,41,419,0,No
Ragi,73,Grain/Pod Filling,27,50,419,0,No
Ragi,30,Vegetative,26,47,419,0,Yes
Ragi,35,Flowering,27,46,419,0,Yes
Red Gram,81,Grain/Pod Filling,28,39,419,0,Yes
Ragi,8,Germination,28,39,419,0,Yes
Red Gram,10,Vegetative,26,56,419,0,Yes
Red Gram,7,Germination,26,52,419,0,No
Red Gram,71,Grain/Pod Filling,26,26,419,0,Yes
Ragi,72,Grain/Pod Filling,26,31,419,0,No
Ragi,69,Grain/Pod Filling,26,35,419,0,No
Groundnut,87,Grain/Pod Filling,26,48,419,0,No
Ragi,94,Maturity,26,41,419,0,Yes
Ragi,2,Germination,26,43,419,0,Yes
Red Gram,23,Vegetative,26,45,419,0,Yes
Ragi,82,Grain/Pod Filling,28,44,419,0,No
Red Gram,32,Flowering,28,39,419,0,Yes
Groundnut,79,Grain/Pod Filling,27,31,419,0,No
Red Gram,20,Vegetative,27,37,419,0,Yes
Ragi,89,Grain/Pod Filling,28,45,419,0,No
Red Gram,9,Germination,29,43,419,1,Yes
Red Gram,90,Maturity,30,33,409,0,No
Ragi,56,Flowering,28,34,409,0,Yes
Red Gram,36,Flowering,28,40,409,0,Yes
Ragi,65,Grain/Pod Filling,29,37,409,0,No
Ragi,38,Flowering,31,35,419,0,Yes
Red Gram,77,Grain/Pod Filling,31,40,419,0,Yes
Groundnut,13,Vegetative,31,36,419,0,No
Groundnut,106,Maturity,32,31,419,0,No
Ragi,51,Flowering,31,33,419,0,Yes
Ragi,1,Germination,30,40,419,0,Yes
Red Gram,79,Grain/Pod Filling,30,41,419,0,Yes
Groundnut,109,Maturity,30,22,419,0,No
Ragi,81,Grain/Pod Filling,29,27,419,0,No
Red Gram,8,Germination,31,30,419,0,Yes
Ragi,74,Grain/Pod Filling,31,37,419,0,No
Ragi,27,Vegetative,31,36,419,0,Yes
Red Gram,42,Flowering,31,30,419,0,Yes
Ragi,58,Flowering,32,25,419,0,Yes
Ragi,67,Grain/Pod Filling,31,26,419,0,No
Red Gram,10,Vegetative,32,27,419,0,Yes
Groundnut,97,Grain/Pod Filling,32,28,419,0,No
Groundnut,105,Maturity,34,27,419,0,No
Groundnut,7,Germination,34,27,419,0,No
Ragi,74,Grain/Pod Filling,32,32,419,0,No
Groundnut,109,Maturity,33,30,419,0,No
Ragi,27,Vegetative,33,35,409,3,Yes
Red Gram,94,Maturity,32,46,398,12,No
Red Gram,93,Maturity,30,53,388,3,No
Groundnut,91,Grain/Pod Filling,30,44,398,0,No
Ragi,96,Maturity,32,38,398,0,Yes
Ragi,65,Grain/Pod Filling,32,27,409,0,No
Groundnut,66,Flowering,33,29,409,0,Yes
Red Gram,44,Flowering,33,33,409,0,Yes
Ragi,13,Vegetative,34,37,409,3,Yes
Red Gram,71,Grain/Pod Filling,33,37,409,0,Yes
Red Gram,86,Maturity,33,34,409,1,No
Groundnut,14,Vegetative,35,34,409,0,No
Red Gram,11,Vegetative,35,28,409,0,Yes
Groundnut,6,Germination,34,31,409,0,No
Red Gram,59,Grain/Pod Filling,32,47,409,1,Yes
Red Gram,43,Flowering,33,41,409,0,Yes
Ragi,64,Grain/Pod Filling,35,36,409,1,No
Ragi,72,Grain/Pod Filling,35,37,409,0,No
Groundnut,30,Vegetative,35,38,409,2,No
Ragi,76,Grain/Pod Filling,36,35,409,0,No
Red Gram,87,Maturity,36,36,409,0,No
Ragi,45,Flowering,33,45,409,1,Yes
Red Gram,67,Grain/Pod Filling,33,47,409,3,Yes
Red Gram,72,Grain/Pod Filling,34,45,409,1,Yes
Ragi,52,Flowering,32,44,409,1,Yes
Groundnut,21,Vegetative,33,40,409,0,No
Groundnut,39,Flowering,34,39,409,1,No
Ragi,95,Maturity,34,36,409,0,Yes
Red Gram,54,Flowering,35,37,409,0,Yes
Groundnut,68,Grain/Pod Filling,34,37,409,1,No
Ragi,71,Grain/Pod Filling,34,42,409,0,No
Red Gram,92,Maturity,34,36,409,0,No
Groundnut,99,Grain/Pod Filling,36,24,409,0,No
Groundnut,47,Flowering,35,36,409,0,No
Ragi,93,Maturity,34,45,409,2,Yes
Ragi,39,Flowering,35,43,409,0,Yes
Ragi,42,Flowering,35,39,409,0,Yes
Ragi,78,Grain/Pod Filling,34,43,409,7,No
Ragi,70,Grain/Pod Filling,29,71,347,41,No
Ragi,61,Grain/Pod Filling,27,78,347,7,No
Red Gram,79,Grain/Pod Filling,27,75,337,12,No
Ragi,19,Vegetative,27,73,327,1,No
Ragi,26,Vegetative,28,66,327,0,No
Ragi,58,Flowering,29,60,337,1,No
Ragi,37,Flowering,28,61,347,0,No
Groundnut,8,Germination,29,61,347,0,No
Red Gram,6,Germination,29,60,358,0,No
Groundnut,56,Flowering,29,55,358,0,No
Ragi,42,Flowering,29,63,368,6,No
Groundnut,83,Grain/Pod Filling,27,72,358,3,No
Ragi,86,Grain/Pod Filling,29,62,358,0,No
Ragi,16,Vegetative,30,62,368,1,No
Ragi,97,Maturity,28,73,368,4,Yes
Ragi,77,Grain/Pod Filling,28,71,358,0,No
Groundnut,103,Maturity,28,71,368,7,No
Red Gram,73,Grain/Pod Filling,29,64,358,0,No
Ragi,3,Germination,29,62,368,0,Yes
Groundnut,102,Maturity,28,64,368,0,No
Ragi,16,Vegetative,29,66,378,6,No
Ragi,46,Flowering,28,71,358,4,Yes
Groundnut,76,Grain/Pod Filling,26,83,306,22,No
Groundnut,101,Maturity,27,79,306,3,No
Groundnut,99,Grain/Pod Filling,26,81,306,1,No
Groundnut,85,Grain/Pod Filling,27,74,317,1,No
Groundnut,106,Maturity,26,75,317,11,No
Red Gram,60,Grain/Pod Filling,26,75,276,15,No
Red Gram,95,Maturity,27,76,286,3,No
Red Gram,76,Grain/Pod Filling,27,74,286,1,Yes
Groundnut,40,Flowering,26,74,296,0,No
Red Gram,56,Flowering,26,80,276,11,No
Red Gram,88,Maturity,27,74,276,7,No
Groundnut,40,Flowering,26,77,265,7,No
Groundnut,64,Flowering,26,77,265,2,No
Red Gram,67,Grain/Pod Filling,26,86,255,14,No
Groundnut,88,Grain/Pod Filling,25,85,225,27,No
Red Gram,43,Flowering,26,78,214,2,Yes
Ragi,89,Grain/Pod Filling,26,81,214,9,No
Ragi,100,Maturity,26,79,204,11,No
Ragi,80,Grain/Pod Filling,26,83,184,20,No
Red Gram,41,Flowering,26,85,173,7,Yes
Ragi,8,Germination,26,85,173,3,No
Red Gram,2,Germination,25,83,163,13,No
Groundnut,88,Grain/Pod Filling,25,82,153,5,No
Groundnut,29,Vegetative,24,91,163,16,No
Red Gram,58,Grain/Pod Filling,25,87,143,13,No
Red Gram,15,Vegetative,27,80,132,6,Yes
Ragi,21,Vegetative,26,83,132,8,Yes
Ragi,99,Maturity,26,85,132,4,Yes
Groundnut,58,Flowering,25,84,132,7,No
Ragi,51,Flowering,27,80,143,2,Yes
Groundnut,94,Grain/Pod Filling,26,83,143,0,No
Red Gram,21,Vegetative,26,81,153,0,Yes
Red Gram,46,Flowering,26,82,153,2,Yes
Ragi,92,Maturity,26,82,163,2,Yes
Ragi,27,Vegetative,25,84,163,1,Yes
Red Gram,79,Grain/Pod Filling,25,87,163,7,Yes
Red Gram,56,Flowering,25,85,163,6,Yes
Groundnut,71,Grain/Pod Filling,25,86,143,14,No
Groundnut,34,Flowering,25,86,153,12,No
Red Gram,50,Flowering,26,84,153,1,Yes
Ragi,82,Grain/Pod Filling,26,81,163,1,No
Groundnut,20,Vegetative,26,82,173,1,No
Groundnut,68,Grain/Pod Filling,26,82,173,0,No
Ragi,19,Vegetative,26,81,184,0,Yes
Groundnut,68,Grain/Pod Filling,26,81,194,0,No
Ragi,28,Vegetative,26,85,225,3,Yes
Red Gram,15,Vegetative,25,86,214,2,Yes
Ragi,92,Maturity,26,83,204,12,No
Red Gram,86,Maturity,27,78,235,2,No
Groundnut,37,Flowering,26,83,204,28,No
Groundnut,92,Grain/Pod Filling,25,87,204,1,No
Red Gram,55,Flowering,24,86,163,13,No
Groundnut,3,Germination,25,86,132,10,No
Groundnut,85,Grain/Pod Filling,25,87,132,9,No
Red Gram,55,Flowering,25,87,92,7,Yes
Ragi,35,Flowering,24,88,92,15,Yes
Ragi,21,Vegetative,24,86,81,4,Yes
Groundnut,62,Flowering,24,84,92,2,No
Red Gram,1,Germination,24,83,102,0,Yes
Ragi,82,Grain/Pod Filling,25,84,112,0,No
Red Gram,31,Flowering,24,93,92,33,No
Ragi,36,Flowering,24,85,71,6,Yes
Red Gram,38,Flowering,25,88,81,5,Yes
Groundnut,23,Vegetative,25,91,71,23,No
Red Gram,15,Vegetative,25,83,61,2,Yes
Red Gram,93,Maturity,26,84,71,0,No
Red Gram,49,Flowering,24,86,81,0,Yes
Ragi,74,Grain/Pod Filling,24,85,92,0,No
Groundnut,89,Grain/Pod Filling,26,80,92,0,No
Red Gram,88,Maturity,25,82,102,0,No
Ragi,34,Flowering,25,79,112,0,Yes
Ragi,38,Flowering,25,86,112,13,Yes
Groundnut,1,Germination,24,91,102,13,No
Groundnut,29,Vegetative,25,88,92,25,No
Groundnut,40,Flowering,25,91,61,31,No
Red Gram,69,Grain/Pod Filling,25,86,61,0,Yes
Red Gram,95,Maturity,25,86,81,5,No
Red Gram,58,Grain/Pod Filling,25,86,81,6,Yes
Ragi,36,Flowering,25,87,61,5,Yes
Ragi,68,Grain/Pod Filling,26,83,61,1,No
Groundnut,11,Germination,25,83,71,0,No
Groundnut,60,Flowering,26,79,81,0,No
Ragi,50,Flowering,25,85,92,0,Yes
Ragi,89,Grain/Pod Filling,24,83,102,0,No
Red Gram,14,Vegetative,24,83,132,0,Yes
Groundnut,11,Germination,23,79,143,0,No
Groundnut,71,Grain/Pod Filling,23,83,153,0,No
Red Gram,89,Maturity,24,84,153,0,No
Ragi,13,Vegetative,23,78,163,0,Yes
Ragi,89,Grain/Pod Filling,22,72,173,0,No
Red Gram,48,Flowering,22,80,173,0,Yes
Red Gram,26,Vegetative,24,88,184,1,Yes
Groundnut,108,Maturity,21,78,194,0,No
Groundnut,76,Grain/Pod Filling,19,78,204,0,No
Ragi,39,Flowering,23,88,214,0,Yes
Ragi,43,Flowering,24,84,235,1,Yes
Ragi,61,Grain/Pod Filling,25,87,245,0,No
Groundnut,109,Maturity,24,85,245,0,No
Ragi,47,Flowering,24,85,255,0,Yes
Ragi,4,Germination,24,83,265,0,Yes
Groundnut,52,Flowering,24,81,265,0,No
Ragi,80,Grain/Pod Filling,23,82,296,0,No
Ragi,70,Grain/Pod Filling,21,87,296,2,No
Groundnut,36,Flowering,21,86,296,2,No
Ragi,98,Maturity,23,86,286,5,Yes
Ragi,77,Grain/Pod Filling,21,78,306,0,No
Ragi,43,Flowering,22,78,317,0,Yes
Red Gram,67,Grain/Pod Filling,23,77,327,0,Yes
Ragi,69,Grain/Pod Filling,22,77,327,0,No
Ragi,15,Vegetative,23,75,327,0,Yes
Groundnut,69,Grain/Pod Filling,23,74,337,1,No
Groundnut,45,Flowering,23,72,337,0,No
Ragi,70,Grain/Pod Filling,22,71,347,0,No
Red Gram,45,Flowering,21,70,347,0,No
Red Gram,51,Flowering,21,70,347,0,No
Red Gram,32,Flowering,22,76,358,0,Yes
Groundnut,21,Vegetative,23,71,358,0,No
Red Gram,75,Grain/Pod Filling,21,70,368,0,No
Groundnut,34,Flowering,19,67,368,0,No
Red Gram,66,Grain/Pod Filling,19,68,378,0,Yes
Red Gram,18,Vegetative,19,68,378,0,Yes
Ragi,55,Flowering,21,71,378,0,Yes
Red Gram,90,Maturity,21,72,378,0,No
Ragi,61,Grain/Pod Filling,21,72,388,0,No
Groundnut,62,Flowering,21,70,388,0,No
Groundnut,94,Grain/Pod Filling,21,70,388,0,No
Groundnut,82,Grain/Pod Filling,21,67,388,0,No
Ragi,85,Grain/Pod Filling,22,69,398,0,No
Ragi,38,Flowering,22,72,398,0,Yes
Red Gram,88,Maturity,22,64,398,0,No
Red Gram,86,Maturity,22,65,398,0,No
Ragi,89,Grain/Pod Filling,23,64,398,0,No
Ragi,74,Grain/Pod Filling,24,67,398,0,No
Groundnut,91,Grain/Pod Filling,25,76,398,5,No
Red Gram,86,Maturity,24,77,388,6,No
Groundnut,51,Flowering,25,74,388,1,No
Groundnut,42,Flowering,25,70,388,0,No
Red Gram,66,Grain/Pod Filling,25,67,388,0,No
Groundnut,103,Maturity,25,65,398,0,No
Red Gram,93,Maturity,26,60,398,0,No
Red Gram,38,Flowering,25,64,398,0,No
Red Gram,28,Vegetative,25,63,398,0,Yes
Groundnut,2,Germination,25,62,409,0,No
Red Gram,82,Grain/Pod Filling,25,59,409,0,No
Red Gram,52,Flowering,25,60,409,0,No
Ragi,13,Vegetative,25,55,409,0,Yes
Groundnut,4,Germination,25,47,409,0,No
Groundnut,58,Flowering,25,50,409,0,No
Red Gram,58,Grain/Pod Filling,25,48,409,0,Yes
Red Gram,89,Maturity,25,44,409,0,No
Ragi,92,Maturity,24,45,409,0,Yes
Red Gram,88,Maturity,25,54,409,0,No
Groundnut,107,Maturity,26,47,409,0,No
Ragi,74,Grain/Pod Filling,25,52,409,0,No
Ragi,35,Flowering,25,50,419,0,Yes
Ragi,26,Vegetative,24,46,419,0,Yes
Ragi,99,Maturity,24,46,419,0,Yes
Red Gram,71,Grain/Pod Filling,24,44,419,0,Yes
Red Gram,66,Grain/Pod Filling,23,33,419,0,Yes
Red Gram,9,Germination,24,47,419,0,Yes
Red Gram,38,Flowering,24,43,419,0,Yes
Ragi,19,Vegetative,24,44,419,0,Yes
Red Gram,18,Vegetative,25,44,419,0,Yes
Ragi,34,Flowering,25,41,419,0,Yes
Red Gram,23,Vegetative,25,39,419,0,Yes
Red Gram,70,Grain/Pod Filling,25,40,419,0,Yes
Red Gram,52,Flowering,26,37,419,0,Yes
Red Gram,85,Grain/Pod Filling,25,38,419,0,Yes
Groundnut,55,Flowering,26,46,419,1,No
Groundnut,64,Flowering,25,51,419,1,No
Ragi,3,Germination,24,54,409,0,Yes
Red Gram,28,Vegetative,24,58,409,1,Yes
Red Gram,50,Flowering,25,53,409,1,No
Groundnut,74,Grain/Pod Filling,27,46,409,0,No
Groundnut,106,Maturity,27,38,409,0,No
Groundnut,77,Grain/Pod Filling,27,37,409,0,No
Ragi,54,Flowering,29,32,409,0,Yes
Red Gram,2,Germination,29,33,419,0,Yes
Groundnut,32,Vegetative,28,27,419,0,No
Groundnut,82,Grain/Pod Filling,28,31,419,0,No
Red Gram,27,Vegetative,29,29,419,0,Yes
Red Gram,34,Flowering,28,29,419,0,Yes
Ragi,75,Grain/Pod Filling,28,30,419,0,No
Groundnut,105,Maturity,28,26,419,0,No
Ragi,36,Flowering,28,25,419,0,Yes
Ragi,45,Flowering,28,30,419,0,Yes
Groundnut,58,Flowering,28,34,419,0,No
Ragi,89,Grain/Pod Filling,28,30,419,0,No
Red Gram,53,Flowering,28,30,419,0,Yes
Ragi,31,Flowering,28,27,419,0,Yes
Ragi,71,Grain/Pod Filling,30,30,419,0,No
Ragi,33,Flowering,30,33,419,0,Yes
Groundnut,103,Maturity,30,30,419,0,No
Ragi,93,Maturity,31,30,419,0,Yes
Red Gram,94,Maturity,30,29,419,0,No
Red Gram,24,Vegetative,30,30,419,0,Yes
Ragi,7,Germination,31,30,419,0,Yes
Groundnut,24,Vegetative,31,28,419,0,No
Red Gram,34,Flowering,32,29,419,0,Yes
Groundnut,5,Germination,32,26,419,0,No
Red Gram,70,Grain/Pod Filling,32,26,419,0,Yes
Ragi,23,Vegetative,32,25,419,0,Yes
Groundnut,72,Grain/Pod Filling,32,16,419,0,No
Ragi,56,Flowering,32,30,419,0,Yes
Red Gram,29,Flowering,32,26,419,0,Yes
Ragi,85,Grain/Pod Filling,32,29,419,0,No
Red Gram,34,Flowering,32,25,419,0,Yes
Red Gram,12,Vegetative,32,35,419,0,Yes
Ragi,4,Germination,32,29,419,0,Yes
Groundnut,90,Grain/Pod Filling,32,24,419,0,No
Red Gram,26,Vegetative,32,35,409,3,Yes
Ragi,81,Grain/Pod Filling,32,39,409,1,No
Ragi,83,Grain/Pod Filling,31,47,398,6,No
Groundnut,38,Flowering,31,47,409,0,Yes
Ragi,94,Maturity,32,38,409,0,Yes
Red Gram,50,Flowering,32,39,409,0,Yes
Ragi,41,Flowering,33,40,409,0,Yes
Red Gram,3,Germination,34,33,409,0,Yes
Red Gram,50,Flowering,31,51,398,5,Yes
Ragi,51,Flowering,31,47,409,0,Yes
Red Gram,27,Vegetative,33,41,409,1,Yes
Ragi,39,Flowering,32,38,409,0,Yes
Red Gram,63,Grain/Pod Filling,33,38,409,0,Yes
Red Gram,15,Vegetative,34,32,409,1,Yes
Ragi,18,Vegetative,33,36,409,0,Yes
Ragi,97,Maturity,33,38,409,0,Yes
Groundnut,79,Grain/Pod Filling,33,33,409,0,No
Groundnut,36,Flowering,33,40,409,3,Yes
Red Gram,70,Grain/Pod Filling,34,40,409,3,Yes
Red Gram,76,Grain/Pod Filling,34,40,409,0,Yes
Groundnut,66,Flowering,34,40,409,0,No
Red Gram,69,Grain/Pod Filling,34,41,409,0,Yes
Red Gram,90,Maturity,34,42,409,1,No
Ragi,53,Flowering,32,57,409,4,No
Ragi,10,Germination,33,48,409,1,Yes
Groundnut,5,Germination,30,59,409,2,No
Ragi,5,Germination,29,68,398,4,Yes
Red Gram,33,Flowering,30,64,398,6,No
Red Gram,86,Maturity,29,68,388,1,No
Red Gram,24,Vegetative,30,64,398,0,No
Groundnut,105,Maturity,29,64,398,0,No
Red Gram,49,Flowering,28,70,388,4,No
Red Gram,56,Flowering,30,61,388,2,No
Groundnut,60,Flowering,29,63,388,9,No
Groundnut,50,Flowering,30,57,398,0,No
Red Gram,43,Flowering,30,58,398,0,No
Groundnut,30,Vegetative,31,55,398,3,No
Red Gram,40,Flowering,30,59,398,0,No
Red Gram,92,Maturity,31,59,398,0,No
Groundnut,19,Vegetative,29,63,409,0,No
Red Gram,51,Flowering,30,64,398,2,No
Red Gram,20,Vegetative,28,76,378,16,No
Groundnut,78,Grain/Pod Filling,29,66,368,9,No
Ragi,82,Grain/Pod Filling,29,66,368,1,No
Ragi,7,Germination,29,65,378,0,Yes
Groundnut,13,Vegetative,28,56,388,0,No
Red Gram,91,Maturity,26,69,388,2,No
Groundnut,3,Germination,27,68,388,1,No
Ragi,27,Vegetative,26,68,378,16,No
Ragi,59,Flowering,27,64,368,1,Yes
Ragi,53,Flowering,27,73,368,2,Yes
Groundnut,28,Vegetative,27,72,368,4,No
Red Gram,71,Grain/Pod Filling,28,70,368,0,No
Ragi,7,Germination,27,74,368,1,No
Red Gram,69,Grain/Pod Filling,27,70,368,0,No
Red Gram,27,Vegetative,28,66,378,0,No
Red Gram,40,Flowering,27,71,388,0,Yes
Groundnut,3,Germination,27,71,388,3,No
Ragi,40,Flowering,27,68,378,14,Yes
Ragi,97,Maturity,27,73,327,3,Yes
Ragi,82,Grain/Pod Filling,28,68,337,0,No
Ragi,41,Flowering,29,65,347,0,No
Groundnut,72,Grain/Pod Filling,26,78,358,0,No
Red Gram,32,Flowering,28,68,347,4,No
Ragi,45,Flowering,27,72,347,2,Yes
Red Gram,83,Grain/Pod Filling,27,76,347,3,Yes
Red Gram,44,Flowering,28,74,337,10,No
Red Gram,46,Flowering,27,78,337,2,Yes
Red Gram,61,Grain/Pod Filling,25,75,327,1,Yes
Red Gram,46,Flowering,26,77,327,9,Yes
Groundnut,41,Flowering,25,77,317,3,No
Groundnut,108,Maturity,26,78,306,8,No
Ragi,89,Grain/Pod Filling,27,78,296,9,No
Red Gram,13,Vegetative,27,74,296,1,Yes
Ragi,25,Vegetative,26,84,296,12,Yes
Groundnut,22,Vegetative,27,76,286,2,No
Groundnut,60,Flowering,26,78,286,8,No
Ragi,57,Flowering,26,81,255,4,Yes
Ragi,42,Flowering,27,75,265,0,Yes
Red Gram,70,Grain/Pod Filling,27,76,276,0,Yes
Ragi,19,Vegetative,27,74,286,0,No
Groundnut,7,Germination,27,72,296,0,No
Red Gram,24,Vegetative,26,75,296,0,Yes
Ragi,42,Flowering,27,71,317,1,Yes
Ragi,1,Germination,27,73,317,1,No
Groundnut,102,Maturity,27,71,327,1,No
Ragi,58,Flowering,28,71,337,0,Yes
Groundnut,48,Flowering,28,71,337,0,No
Red Gram,9,Germination,28,71,347,0,Yes
Ragi,21,Vegetative,27,73,347,0,No
Groundnut,35,Flowering,27,73,358,1,No
Ragi,80,Grain/Pod Filling,27,72,358,1,No
Ragi,84,Grain/Pod Filling,26,72,358,1,No
Red Gram,86,Maturity,25,76,368,2,No
Red Gram,84,Grain/Pod Filling,27,71,358,3,Yes
Red Gram,9,Germination,27,68,358,2,No
Groundnut,105,Maturity,27,70,368,0,No
Ragi,1,Germination,26,72,368,0,No
Red Gram,5,Germination,27,73,347,15,No
Groundnut,94,Grain/Pod Filling,27,75,327,2,No
Ragi,59,Flowering,27,77,337,1,Yes
Red Gram,6,Germination,27,76,337,1,Yes
Red Gram,61,Grain/Pod Filling,26,76,337,4,Yes
Ragi,18,Vegetative,26,75,337,15,No
Groundnut,67,Grain/Pod Filling,25,77,306,12,No
Groundnut,41,Flowering,27,72,306,0,No
Groundnut,74,Grain/Pod Filling,27,73,317,3,No
Red Gram,93,Maturity,26,78,306,10,No
Red Gram,94,Maturity,24,86,296,6,No
Groundnut,95,Grain/Pod Filling,25,81,276,4,No
Ragi,30,Vegetative,26,76,296,0,No
Red Gram,14,Vegetative,27,73,306,0,Yes
Red Gram,35,Flowering,27,76,306,4,Yes
Red Gram,80,Grain/Pod Filling,26,81,317,8,Yes
Red Gram,1,Germination,27,77,306,3,Yes
Red Gram,61,Grain/Pod Filling,27,76,306,0,Yes
Red Gram,89,Maturity,27,71,327,0,No
Ragi,6,Germination,27,68,327,0,Yes
Groundnut,65,Flowering,27,71,337,0,No
Groundnut,29,Vegetative,28,71,337,1,No
Ragi,70,Grain/Pod Filling,25,85,327,16,No
Red Gram,67,Grain/Pod Filling,26,79,317,2,Yes
Ragi,72,Grain/Pod Filling,25,83,306,9,No
Ragi,14,Vegetative,26,77,306,1,No
Ragi,94,Maturity,26,80,306,1,Yes
Ragi,17,Vegetative,25,74,296,1,No
Groundnut,17,Vegetative,26,71,306,0,No
Ragi,50,Flowering,26,82,306,12,Yes
Red Gram,66,Grain/Pod Filling,27,76,306,1,Yes
Red Gram,36,Flowering,27,76,306,1,Yes
Groundnut,78,Grain/Pod Filling,27,78,317,1,No
Groundnut,10,Germination,27,81,317,7,No
Groundnut,67,Grain/Pod Filling,27,82,306,9,No
Groundnut,92,Grain/Pod Filling,27,79,306,1,No
Red Gram,12,Vegetative,25,87,265,29,No
Red Gram,58,Grain/Pod Filling,25,86,265,3,Yes
Red Gram,15,Vegetative,25,87,255,12,No
Red Gram,78,Grain/Pod Filling,26,78,245,4,Yes
Groundnut,104,Maturity,26,78,255,0,No
Ragi,21,Vegetative,26,81,265,0,Yes
Red Gram,89,Maturity,26,78,276,0,No
Groundnut,3,Germination,26,79,286,0,No
Ragi,77,Grain/Pod Filling,26,75,296,0,No
Ragi,90,Grain/Pod Filling,26,78,306,0,No
Ragi,47,Flowering,25,75,306,1,Yes
Groundnut,109,Maturity,25,71,317,1,No
Groundnut,53,Flowering,25,74,317,1,No
Groundnut,110,Maturity,25,81,327,1,No
Ragi,77,Grain/Pod Filling,25,74,327,0,No
Red Gram,93,Maturity,24,72,337,0,No
Groundnut,107,Maturity,25,81,347,1,No
Groundnut,83,Grain/Pod Filling,26,81,347,1,No
Ragi,66,Grain/Pod Filling,25,83,347,0,No
Groundnut,1,Germination,25,78,347,0,No
Red Gram,87,Maturity,25,80,347,2,No
Ragi,4,Germination,25,80,347,1,No
Red Gram,55,Flowering,26,76,347,0,Yes
Red Gram,78,Grain/Pod Filling,26,74,358,0,Yes
Ragi,8,Germination,25,74,358,0,No
Red Gram,37,Flowering,24,69,358,0,No
Groundnut,106,Maturity,23,68,368,0,No
Groundnut,51,Flowering,23,67,368,0,No
Red Gram,39,Flowering,26,79,368,3,Yes
Red Gram,63,Grain/Pod Filling,27,77,368,2,Yes
Ragi,24,Vegetative,26,79,368,4,No
Groundnut,102,Maturity,26,81,358,3,No
Red Gram,77,Grain/Pod Filling,24,84,358,4,Yes
Groundnut,1,Germination,24,86,337,11,No
Ragi,76,Grain/Pod Filling,26,81,337,5,No
Groundnut,74,Grain/Pod Filling,25,82,337,4,No
Ragi,69,Grain/Pod Filling,26,75,347,0,No
Ragi,50,Flowering,25,72,358,0,Yes
Groundnut,103,Maturity,23,71,358,0,No
Red Gram,18,Vegetative,22,76,358,0,Yes
Red Gram,94,Maturity,24,83,358,12,No
Red Gram,24,Vegetative,24,75,358,0,Yes
Ragi,17,Vegetative,25,72,358,0,No
Ragi,79,Grain/Pod Filling,25,70,358,0,No
Groundnut,9,Germination,24,69,368,0,No
Groundnut,1,Germination,25,76,368,0,No
Groundnut,98,Grain/Pod Filling,24,75,368,0,No
Groundnut,60,Flowering,24,74,378,0,No
Ragi,50,Flowering,24,72,378,0,Yes
Ragi,93,Maturity,23,76,378,0,Yes
Groundnut,56,Flowering,23,78,378,0,No
Ragi,74,Grain/Pod Filling,23,71,388,0,No
Groundnut,57,Flowering,22,68,388,0,No
Red Gram,16,Vegetative,20,65,388,0,Yes
Groundnut,15,Vegetative,20,65,388,0,No
Groundnut,19,Vegetative,20,62,398,0,No
Red Gram,56,Flowering,21,53,398,0,No
Ragi,3,Germination,22,60,398,0,Yes
Groundnut,78,Grain/Pod Filling,23,59,398,0,No
Ragi,84,Grain/Pod Filling,23,62,398,0,No
Red Gram,52,Flowering,23,64,409,0,No
Ragi,100,Maturity,23,63,409,0,Yes
Red Gram,48,Flowering,23,62,409,0,No
Groundnut,74,Grain/Pod Filling,23,60,409,0,No
Ragi,48,Flowering,25,61,409,0,Yes
Groundnut,62,Flowering,24,61,409,0,No
Red Gram,40,Flowering,24,61,409,0,No
Groundnut,106,Maturity,23,57,409,0,No
Red Gram,72,Grain/Pod Filling,23,56,409,0,No
Ragi,66,Grain/Pod Filling,24,63,409,0,No
Ragi,22,Vegetative,25,64,409,0,No
Groundnut,14,Vegetative,25,61,409,0,No
Ragi,34,Flowering,26,56,409,0,Yes
Groundnut,67,Grain/Pod Filling,25,49,409,2,No
Groundnut,9,Germination,24,57,409,2,No
Red Gram,94,Maturity,23,57,409,0,No
Ragi,74,Grain/Pod Filling,24,52,409,0,No
Red Gram,38,Flowering,25,63,409,0,No
Ragi,13,Vegetative,24,64,409,0,Yes
Ragi,48,Flowering,23,54,409,0,Yes
Red Gram,87,Maturity,24,44,409,0,No
Red Gram,24,Vegetative,25,35,409,0,Yes
Groundnut,58,Flowering,25,39,409,0,No
Red Gram,94,Maturity,24,53,409,0,No
Groundnut,35,Flowering,23,45,409,0,No
Ragi,46,Flowering,23,46,409,0,Yes
Red Gram,2,Germination,24,46,409,0,Yes
Ragi,59,Flowering,22,33,409,0,Yes
Ragi,56,Flowering,23,47,419,0,Yes
Groundnut,90,Grain/Pod Filling,25,45,419,0,No
Red Gram,48,Flowering,26,43,419,0,Yes
Groundnut,2,Germination,24,41,419,0,No
Groundnut,64,Flowering,24,30,419,0,No
Red Gram,59,Grain/Pod Filling,26,51,419,0,No
Ragi,63,Grain/Pod Filling,27,48,419,0,No
Groundnut,42,Flowering,27,48,419,0,No
Red Gram,2,Germination,26,48,419,0,Yes
Ragi,40,Flowering,27,40,419,0,Yes
Groundnut,42,Flowering,26,42,419,0,No
Groundnut,2,Germination,25,48,419,0,No
Red Gram,61,Grain/Pod Filling,27,37,419,0,Yes
Groundnut,44,Flowering,28,36,419,0,No
Groundnut,75,Grain/Pod Filling,28,40,419,0,No
Groundnut,8,Germination,28,29,419,0,No
Ragi,68,Grain/Pod Filling,28,38,419,0,No
Ragi,16,Vegetative,27,40,419,0,Yes
Ragi,5,Germination,27,33,419,0,Yes
Groundnut,80,Grain/Pod Filling,26,34,419,0,No
Ragi,69,Grain/Pod Filling,26,41,419,0,No
Groundnut,12,Vegetative,26,37,419,0,No
Groundnut,92,Grain/Pod Filling,27,34,419,0,No
Red Gram,69,Grain/Pod Filling,27,30,419,0,Yes
Red Gram,27,Vegetative,28,31,419,0,Yes
Ragi,21,Vegetative,28,31,419,0,Yes
Ragi,35,Flowering,29,35,419,0,Yes
Groundnut,13,Vegetative,29,37,419,0,No
Red Gram,71,Grain/Pod Filling,30,37,419,0,Yes
Red Gram,45,Flowering,30,32,419,0,Yes
Groundnut,60,Flowering,31,28,419,0,Yes
Groundnut,45,Flowering,29,31,419,0,No
Groundnut,25,Vegetative,30,31,419,0,No
Red Gram,23,Vegetative,30,25,419,0,Yes
Groundnut,95,Grain/Pod Filling,30,20,419,0,No
Red Gram,10,Vegetative,32,18,419,0,Yes
Ragi,88,Grain/Pod Filling,31,25,419,0,No
Groundnut,12,Vegetative,32,39,419,4,No
Red Gram,91,Maturity,31,44,409,1,No
Ragi,34,Flowering,32,39,409,0,Yes
Ragi,46,Flowering,32,35,409,0,Yes
Red Gram,10,Vegetative,33,31,409,0,Yes
Groundnut,32,Vegetative,33,33,409,0,No
Ragi,4,Germination,32,34,419,0,Yes
Ragi,45,Flowering,34,30,419,0,Yes
Red Gram,11,Vegetative,33,25,419,0,Yes
Red Gram,74,Grain/Pod Filling,33,26,419,0,Yes
Red Gram,4,Germination,34,26,419,0,Yes
Ragi,34,Flowering,33,34,419,0,Yes
Groundnut,11,Germination,33,27,419,0,No
Red Gram,60,Grain/Pod Filling,34,25,419,0,Yes
Ragi,32,Flowering,34,24,419,0,Yes
Groundnut,45,Flowering,33,31,419,0,Yes
Groundnut,20,Vegetative,33,35,419,0,No
Ragi,20,Vegetative,33,31,419,0,Yes
Red Gram,65,Grain/Pod Filling,34,29,419,0,Yes
Red Gram,31,Flowering,33,30,419,0,Yes
Red Gram,3,Germination,33,38,419,0,Yes
Red Gram,47,Flowering,34,31,419,1,Yes
Groundnut,10,Germination,33,39,419,1,No
Red Gram,20,Vegetative,32,46,409,1,Yes
Red Gram,90,Maturity,32,43,409,2,No
Red Gram,85,Grain/Pod Filling,34,39,409,0,Yes
Red Gram,67,Grain/Pod Filling,33,36,409,1,Yes
Red Gram,53,Flowering,31,49,398,7,Yes
Groundnut,96,Grain/Pod Filling,30,51,409,0,No
Red Gram,93,Maturity,32,47,398,3,No
Groundnut,37,Flowering,33,47,398,1,Yes
Ragi,50,Flowering,35,36,409,0,Yes
Ragi,5,Germination,34,36,409,1,Yes
Ragi,15,Vegetative,34,35,409,0,Yes
Ragi,76,Grain/Pod Filling,34,29,409,0,No
Red Gram,17,Vegetative,34,34,409,0,Yes
Red Gram,58,Grain/Pod Filling,30,59,398,3,No
Groundnut,29,Vegetative,33,47,409,0,No
Ragi,68,Grain/Pod Filling,34,42,409,0,No
Groundnut,26,Vegetative,34,41,409,0,No
Ragi,93,Maturity,35,38,409,1,Yes
Ragi,76,Grain/Pod Filling,32,47,409,3,No
Red Gram,66,Grain/Pod Filling,31,59,398,5,Yes
Groundnut,7,Germination,31,59,398,0,No
Red Gram,36,Flowering,33,50,398,0,Yes
Ragi,62,Grain/Pod Filling,33,50,409,1,No
Ragi,70,Grain/Pod Filling,30,66,358,16,No
Groundnut,79,Grain/Pod Filling,28,79,317,25,No
Ragi,41,Flowering,28,73,306,4,Yes
Red Gram,27,Vegetative,29,66,337,0,No
Groundnut,2,Germination,30,63,337,0,No
Groundnut,30,Vegetative,31,60,347,0,No
Red Gram,12,Vegetative,30,57,358,0,No
Ragi,46,Flowering,29,59,358,0,No
Red Gram,95,Maturity,30,57,368,0,No
Groundnut,29,Vegetative,30,62,378,0,No
Red Gram,78,Grain/Pod Filling,28,65,388,2,No
Red Gram,56,Flowering,27,74,388,1,Yes
Red Gram,28,Vegetative,28,65,388,0,No
Ragi,20,Vegetative,29,64,388,1,No
Ragi,83,Grain/Pod Filling,29,63,398,0,No
Red Gram,28,Vegetative,30,60,398,0,No
Groundnut,14,Vegetative,29,59,398,0,No
Ragi,72,Grain/Pod Filling,30,60,398,15,No
Red Gram,40,Flowering,27,65,368,7,No
Ragi,4,Germination,28,66,368,1,Yes
Red Gram,4,Germination,27,72,378,3,Yes
Ragi,67,Grain/Pod Filling,27,72,368,8,No
Groundnut,95,Grain/Pod Filling,28,66,368,2,No
Groundnut,64,Flowering,28,68,368,0,No
Ragi,96,Maturity,28,68,368,2,Yes
Groundnut,80,Grain/Pod Filling,27,73,368,0,No
Ragi,81,Grain/Pod Filling,29,65,378,1,No
Ragi,44,Flowering,28,67,388,1,No
Groundnut,9,Germination,27,70,388,0,No
Ragi,19,Vegetative,28,64,388,0,No
Ragi,44,Flowering,27,70,388,3,Yes
Ragi,100,Maturity,28,70,388,1,Yes
Ragi,28,Vegetative,29,65,388,0,No
Red Gram,82,Grain/Pod Filling,29,67,388,5,No
Red Gram,56,Flowering,28,68,388,0,No
Groundnut,76,Grain/Pod Filling,28,69,388,0,No
Groundnut,44,Flowering,27,71,388,1,No
Ragi,19,Vegetative,27,72,368,5,No
Groundnut,97,Grain/Pod Filling,25,79,358,8,No
Red Gram,67,Grain/Pod Filling,26,75,347,4,Yes
Groundnut,91,Grain/Pod Filling,26,76,347,8,No
Ragi,66,Grain/Pod Filling,25,79,327,10,No
Ragi,42,Flowering,26,72,327,1,Yes
Ragi,24,Vegetative,27,68,327,1,No
Red Gram,16,Vegetative,26,78,327,9,Yes
Groundnut,49,Flowering,27,72,337,1,No
Ragi,94,Maturity,26,77,327,5,Yes
Groundnut,91,Grain/Pod Filling,26,72,327,1,No
Ragi,48,Flowering,27,74,327,16,Yes
Red Gram,48,Flowering,26,75,296,9,Yes
Groundnut,59,Flowering,28,72,286,2,No
Red Gram,79,Grain/Pod Filling,28,73,296,2,Yes
Red Gram,36,Flowering,28,78,296,3,Yes
Red Gram,84,Grain/Pod Filling,27,81,296,10,No
Red Gram,79,Grain/Pod Filling,26,85,276,16,No
Red Gram,17,Vegetative,26,87,245,20,No
Red Gram,5,Germination,25,85,194,14,No
Red Gram,27,Vegetative,25,85,204,0,Yes
Ragi,68,Grain/Pod Filling,25,84,204,5,No
Groundnut,11,Germination,25,84,204,8,No
Groundnut,74,Grain/Pod Filling,25,78,204,1,No
Groundnut,93,Grain/Pod Filling,25,76,204,0,No
Ragi,42,Flowering,26,76,214,0,Yes
Ragi,98,Maturity,25,76,235,1,Yes
Ragi,6,Germination,24,81,245,1,Yes
Groundnut,30,Vegetative,25,81,245,5,No
Groundnut,69,Grain/Pod Filling,26,77,245,0,No
Ragi,48,Flowering,26,76,245,0,Yes
Ragi,76,Grain/Pod Filling,26,76,255,1,No
Red Gram,19,Vegetative,26,75,265,0,Yes
Red Gram,66,Grain/Pod Filling,27,75,276,1,Yes
Ragi,73,Grain/Pod Filling,26,76,276,0,No
Groundnut,49,Flowering,27,75,286,0,No
Red Gram,14,Vegetative,27,76,296,0,Yes
Red Gram,13,Vegetative,26,78,296,3,Yes
Ragi,91,Maturity,25,83,286,5,Yes
Red Gram,64,Grain/Pod Filling,25,84,276,16,No
Ragi,74,Grain/Pod Filling,25,81,255,6,No
Groundnut,23,Vegetative,26,82,245,15,No
Ragi,2,Germination,26,83,245,1,No
Groundnut,42,Flowering,26,85,245,5,No
Groundnut,7,Germination,26,81,245,6,No
Groundnut,104,Maturity,27,79,245,0,No
Red Gram,6,Germination,27,79,245,26,No
Red Gram,37,Flowering,26,80,204,19,No
Red Gram,31,Flowering,26,81,163,40,No
Ragi,2,Germination,26,81,143,7,No
Ragi,51,Flowering,25,86,153,8,Yes
Ragi,84,Grain/Pod Filling,24,87,143,4,No
Ragi,13,Vegetative,25,83,153,1,Yes
Groundnut,42,Flowering,25,84,163,0,No
Red Gram,56,Flowering,26,82,163,0,Yes
Red Gram,90,Maturity,25,83,173,0,No
Red Gram,9,Germination,26,82,184,0,Yes
Ragi,50,Flowering,26,81,194,0,Yes
Ragi,4,Germination,25,80,214,0,No
Groundnut,20,Vegetative,24,79,214,0,No
Red Gram,48,Flowering,23,85,225,0,Yes
Red Gram,26,Vegetative,25,77,235,0,Yes
Groundnut,40,Flowering,26,77,255,0,No
Ragi,4,Germination,26,83,265,5,No
Red Gram,16,Vegetative,25,86,255,10,No
Ragi,76,Grain/Pod Filling,25,87,235,16,No
Groundnut,60,Flowering,25,86,225,7,No
Ragi,37,Flowering,25,81,225,2,Yes
Ragi,60,Flowering,24,88,245,7,Yes
Groundnut,37,Flowering,24,91,225,19,No
Groundnut,74,Grain/Pod Filling,25,84,204,8,No
Groundnut,16,Vegetative,25,80,204,2,No
Ragi,42,Flowering,25,85,214,1,Yes
Red Gram,81,Grain/Pod Filling,25,90,214,4,Yes
Ragi,62,Grain/Pod Filling,26,87,214,4,No
Ragi,99,Maturity,25,91,204,10,No
Ragi,71,Grain/Pod Filling,25,88,204,2,No
Ragi,94,Maturity,26,83,214,11,No
Ragi,33,Flowering,26,81,204,5,Yes
Red Gram,70,Grain/Pod Filling,25,86,194,4,Yes
Ragi,63,Grain/Pod Filling,25,83,204,0,No
Ragi,60,Flowering,24,80,214,1,Yes
Ragi,95,Maturity,21,77,214,0,Yes
Groundnut,41,Flowering,22,72,225,0,No
Groundnut,24,Vegetative,22,67,235,0,No
Red Gram,82,Grain/Pod Filling,21,71,245,0,Yes
Red Gram,82,Grain/Pod Filling,22,75,255,0,Yes
Groundnut,31,Vegetative,22,78,265,0,No
Ragi,17,Vegetative,22,77,265,0,Yes
Red Gram,56,Flowering,21,74,276,0,Yes
Groundnut,62,Flowering,21,74,286,0,No
Ragi,11,Vegetative,22,83,286,0,Yes
Ragi,28,Vegetative,23,85,296,1,Yes
Groundnut,101,Maturity,24,79,296,0,No
Red Gram,87,Maturity,25,80,306,0,No
Groundnut,47,Flowering,24,78,317,0,No
Ragi,64,Grain/Pod Filling,23,73,317,0,No
Groundnut,63,Flowering,23,71,327,0,No
Red Gram,65,Grain/Pod Filling,22,72,327,0,Yes
Ragi,53,Flowering,23,72,337,0,Yes
Groundnut,15,Vegetative,23,72,337,0,No
Red Gram,33,Flowering,23,76,347,1,Yes
Groundnut,110,Maturity,24,77,347,0,No
Groundnut,78,Grain/Pod Filling,24,73,347,0,No
Red Gram,30,Flowering,22,67,347,0,No
Ragi,31,Flowering,20,66,368,0,Yes
Groundnut,58,Flowering,22,70,368,0,No
Groundnut,32,Vegetative,24,77,368,0,No
Groundnut,80,Grain/Pod Filling,25,75,378,0,No
Red Gram,37,Flowering,26,73,378,0,Yes
Red Gram,56,Flowering,26,74,378,0,Yes
Red Gram,5,Germination,26,74,378,0,Yes
Ragi,15,Vegetative,25,71,388,0,No
Red Gram,5,Germination,24,64,388,0,Yes
Groundnut,87,Grain/Pod Filling,21,61,388,0,No
Red Gram,92,Maturity,23,70,398,0,No
Groundnut,3,Germination,25,72,398,0,No
Groundnut,104,Maturity,26,70,398,0,No
Ragi,75,Grain/Pod Filling,26,67,398,0,No
Red Gram,86,Maturity,26,66,398,0,No
Groundnut,83,Grain/Pod Filling,24,61,398,0,No
Red Gram,60,Grain/Pod Filling,23,57,398,0,No
Ragi,8,Germination,23,53,409,0,Yes
Groundnut,19,Vegetative,23,55,409,0,No
Ragi,49,Flowering,23,70,398,4,Yes
Red Gram,24,Vegetative,23,85,388,3,Yes
Ragi,28,Vegetative,25,74,388,0,No
Groundnut,42,Flowering,25,68,388,0,No
Ragi,63,Grain/Pod Filling,25,67,398,0,No
Ragi,56,Flowering,26,67,398,0,Yes
Groundnut,62,Flowering,25,67,398,0,No
Ragi,66,Grain/Pod Filling,24,65,398,0,No
Groundnut,71,Grain/Pod Filling,23,60,398,0,No
Red Gram,26,Vegetative,24,61,409,0,Yes
Red Gram,94,Maturity,24,57,409,0,No
Groundnut,42,Flowering,24,63,409,0,No
Groundnut,108,Maturity,26,55,409,0,No
Red Gram,41,Flowering,25,52,409,0,No
Ragi,16,Vegetative,25,52,409,0,Yes
Red Gram,57,Flowering,25,60,409,0,No
Groundnut,107,Maturity,24,61,409,0,No
Ragi,23,Vegetative,24,59,409,0,Yes
Red Gram,14,Vegetative,21,34,409,0,Yes
Ragi,90,Grain/Pod Filling,22,48,409,0,No
Groundnut,83,Grain/Pod Filling,23,49,409,0,No
Red Gram,36,Flowering,23,42,419,0,Yes
Red Gram,72,Grain/Pod Filling,23,48,419,0,Yes
Red Gram,59,Grain/Pod Filling,23,46,419,0,Yes
Groundnut,28,Vegetative,24,50,419,0,No
Groundnut,108,Maturity,24,55,419,0,No
Ragi,20,Vegetative,25,48,419,0,Yes
Red Gram,67,Grain/Pod Filling,24,50,419,0,No
Groundnut,87,Grain/Pod Filling,24,43,419,0,No
Ragi,89,Grain/Pod Filling,25,48,419,0,No
Red Gram,51,Flowering,26,43,419,0,Yes
Ragi,67,Grain/Pod Filling,25,40,419,0,No
Groundnut,95,Grain/Pod Filling,27,42,419,0,No
Groundnut,74,Grain/Pod Filling,27,43,419,0,No
Red Gram,15,Vegetative,27,40,419,0,Yes
Ragi,46,Flowering,27,38,419,0,Yes
Ragi,15,Vegetative,26,34,419,0,Yes
Red Gram,56,Flowering,27,30,419,0,Yes
Groundnut,85,Grain/Pod Filling,26,20,419,0,No
Ragi,80,Grain/Pod Filling,25,17,419,0,No
Red Gram,19,Vegetative,25,16,419,0,Yes
Groundnut,101,Maturity,26,36,419,0,No
Red Gram,60,Grain/Pod Filling,28,35,419,0,Yes
Red Gram,1,Germination,28,27,419,0,Yes
Ragi,94,Maturity,27,27,419,0,Yes
Groundnut,78,Grain/Pod Filling,27,31,419,0,No
Groundnut,28,Vegetative,27,26,419,0,No
Red Gram,42,Flowering,27,34,419,0,Yes
Ragi,71,Grain/Pod Filling,27,30,419,0,No
Ragi,37,Flowering,27,30,419,0,Yes
Groundnut,21,Vegetative,28,28,419,0,No
Groundnut,27,Vegetative,28,28,419,0,No
Red Gram,82,Grain/Pod Filling,27,27,419,0,Yes
Groundnut,95,Grain/Pod Filling,28,32,419,0,No
Red Gram,92,Maturity,28,36,419,0,No
Red Gram,20,Vegetative,28,35,419,0,Yes
Ragi,52,Flowering,29,28,419,0,Yes
Groundnut,99,Grain/Pod Filling,29,29,419,0,No
Ragi,25,Vegetative,29,31,419,0,Yes
Groundnut,40,Flowering,29,42,419,2,No
Groundnut,11,Germination,28,47,409,2,No
Ragi,87,Grain/Pod Filling,27,40,409,0,No
Ragi,61,Grain/Pod Filling,29,35,409,0,No
Ragi,33,Flowering,31,33,409,0,Yes
Red Gram,77,Grain/Pod Filling,32,33,409,0,Yes
Ragi,55,Flowering,31,24,409,0,Yes
Groundnut,82,Grain/Pod Filling,31,23,419,0,No
Ragi,92,Maturity,32,36,419,0,Yes
Groundnut,25,Vegetative,31,35,419,0,No
Ragi,64,Grain/Pod Filling,31,26,419,0,No
Red Gram,53,Flowering,32,23,419,0,Yes
Red Gram,79,Grain/Pod Filling,32,24,419,0,Yes
Groundnut,68,Grain/Pod Filling,31,40,409,0,No
Groundnut,96,Grain/Pod Filling,31,38,409,0,No
Ragi,67,Grain/Pod Filling,31,33,409,0,No
Red Gram,11,Vegetative,32,23,409,0,Yes
Red Gram,51,Flowering,33,26,409,0,Yes
Groundnut,21,Vegetative,31,38,409,0,No
Ragi,27,Vegetative,32,33,409,4,Yes
Groundnut,67,Grain/Pod Filling,32,25,409,0,No
Groundnut,53,Flowering,32,25,409,0,Yes
Ragi,94,Maturity,32,24,409,0,Yes
Ragi,25,Vegetative,33,36,409,2,Yes
Groundnut,59,Flowering,33,33,409,1,Yes
Ragi,88,Grain/Pod Filling,32,28,409,0,No
Groundnut,63,Flowering,33,30,409,0,Yes
Red Gram,19,Vegetative,33,40,409,3,Yes
Red Gram,70,Grain/Pod Filling,30,56,398,6,No
Groundnut,12,Vegetative,28,67,337,6,No
Ragi,44,Flowering,28,67,317,5,No
Red Gram,12,Vegetative,28,72,286,1,Yes
Groundnut,94,Grain/Pod Filling,28,72,296,1,No
Groundnut,65,Flowering,27,73,306,1,No
Red Gram,75,Grain/Pod Filling,28,71,306,7,Yes
Groundnut,70,Grain/Pod Filling,29,71,296,7,No
Groundnut,18,Vegetative,29,71,296,2,No
Red Gram,18,Vegetative,29,69,296,4,No
Ragi,70,Grain/Pod Filling,31,65,296,3,No
Red Gram,86,Maturity,31,59,306,0,No
Red Gram,53,Flowering,32,54,317,0,Yes
Red Gram,83,Grain/Pod Filling,30,52,337,0,No
Ragi,11,Vegetative,31,47,347,0,Yes
Ragi,64,Grain/Pod Filling,31,43,358,0,No
Ragi,89,Grain/Pod Filling,32,45,358,0,No
Red Gram,39,Flowering,33,44,368,0,Yes
Groundnut,41,Flowering,32,49,368,0,Yes
Red Gram,75,Grain/Pod Filling,32,51,378,0,Yes
Red Gram,2,Germination,31,55,378,3,Yes
Red Gram,26,Vegetative,32,52,378,0,No
Red Gram,35,Flowering,32,53,388,1,Yes
Red Gram,73,Grain/Pod Filling,32,49,398,0,Yes
Groundnut,61,Flowering,32,48,398,0,Yes
Groundnut,13,Vegetative,33,42,398,0,No
Red Gram,57,Flowering,34,41,409,1,Yes
Ragi,40,Flowering,31,56,398,2,No
Ragi,29,Vegetative,32,52,398,2,Yes
Groundnut,80,Grain/Pod Filling,31,54,398,0,No
Red Gram,33,Flowering,34,41,409,0,Yes
Red Gram,49,Flowering,34,39,409,0,Yes
Ragi,3,Germination,33,44,409,0,Yes
Ragi,24,Vegetative,32,55,409,2,Yes
Groundnut,76,Grain/Pod Filling,32,51,398,4,No
Red Gram,64,Grain/Pod Filling,30,57,398,3,No
Groundnut,85,Grain/Pod Filling,31,56,398,0,No
Ragi,24,Vegetative,32,53,409,0,Yes
Ragi,75,Grain/Pod Filling,33,46,409,0,No
Red Gram,37,Flowering,33,47,409,0,Yes
Groundnut,40,Flowering,32,48,409,0,Yes
Groundnut,51,Flowering,33,44,409,0,Yes
Red Gram,89,Maturity,31,51,409,1,No
Ragi,49,Flowering,29,58,409,1,No
Red Gram,50,Flowering,31,53,409,0,Yes
Ragi,64,Grain/Pod Filling,30,55,409,5,No
Ragi,85,Grain/Pod Filling,29,55,398,1,No
Groundnut,13,Vegetative,29,54,398,0,No
Groundnut,80,Grain/Pod Filling,29,53,409,0,No
Ragi,82,Grain/Pod Filling,28,59,409,1,No
Groundnut,53,Flowering,29,58,409,0,No
Ragi,44,Flowering,29,59,409,1,No
Red Gram,71,Grain/Pod Filling,29,63,409,5,No
Red Gram,12,Vegetative,28,72,398,1,Yes
Groundnut,32,Vegetative,27,79,398,3,No
Ragi,28,Vegetative,26,71,398,1,No
Ragi,24,Vegetative,26,67,398,0,No
Red Gram,12,Vegetative,28,65,398,1,No
Groundnut,92,Grain/Pod Filling,28,66,398,0,No
Red Gram,16,Vegetative,29,62,409,0,No
Ragi,86,Grain/Pod Filling,29,59,409,0,No
Groundnut,87,Grain/Pod Filling,28,64,409,7,No
Ragi,8,Germination,29,61,398,4,Yes
Ragi,6,Germination,27,72,398,1,No
Red Gram,92,Maturity,27,75,388,7,No
Red Gram,56,Flowering,26,76,378,8,Yes
Groundnut,108,Maturity,26,73,368,9,No
Red Gram,88,Maturity,26,74,347,17,No
Ragi,73,Grain/Pod Filling,27,70,337,2,No
Groundnut,40,Flowering,26,76,327,13,No
Red Gram,39,Flowering,26,78,306,16,No
Groundnut,9,Germination,25,86,286,24,No
Ragi,92,Maturity,25,86,245,14,No
Groundnut,58,Flowering,27,73,255,1,No
Groundnut,47,Flowering,27,75,276,1,No
Ragi,9,Germination,27,74,286,1,No
Red Gram,53,Flowering,27,72,296,0,Yes
Ragi,45,Flowering,27,71,296,0,Yes
Red Gram,17,Vegetative,28,70,306,0,No
Ragi,94,Maturity,28,69,317,0,Yes
Groundnut,34,Flowering,28,69,317,0,No
Ragi,71,Grain/Pod Filling,28,68,327,1,No
Red Gram,40,Flowering,28,71,337,6,Yes
Red Gram,50,Flowering,28,70,327,1,No
Red Gram,16,Vegetative,28,67,337,0,No
Groundnut,60,Flowering,28,68,337,1,No
Ragi,48,Flowering,27,70,337,0,Yes
Groundnut,26,Vegetative,27,68,347,0,No
Red Gram,27,Vegetative,28,66,347,0,No
Groundnut,89,Grain/Pod Filling,28,64,358,0,No
Groundnut,90,Grain/Pod Filling,28,65,358,1,No
Ragi,50,Flowering,26,73,368,1,Yes
Groundnut,38,Flowering,28,65,368,0,No
Red Gram,38,Flowering,29,62,378,0,No
Ragi,11,Vegetative,28,63,378,0,No
Groundnut,32,Vegetative,28,66,388,0,No
Ragi,19,Vegetative,29,62,388,0,No
Groundnut,15,Vegetative,28,71,388,8,No
Groundnut,44,Flowering,29,65,378,3,No
Red Gram,84,Grain/Pod Filling,28,66,388,1,No
Ragi,42,Flowering,29,65,388,0,No
Groundnut,53,Flowering,29,68,388,6,No
Red Gram,43,Flowering,30,66,388,1,No
Red Gram,94,Maturity,27,79,378,11,No
Ragi,38,Flowering,25,79,347,18,Yes
Ragi,67,Grain/Pod Filling,26,73,337,4,No
Groundnut,25,Vegetative,28,71,358,3,No
Groundnut,74,Grain/Pod Filling,27,74,358,1,No
Red Gram,88,Maturity,27,71,358,0,No
Groundnut,108,Maturity,27,68,358,0,No
Groundnut,35,Flowering,27,66,368,0,No
Red Gram,21,Vegetative,28,66,368,1,No
Groundnut,70,Grain/Pod Filling,28,66,378,0,No
Ragi,90,Grain/Pod Filling,29,66,378,0,No
Groundnut,28,Vegetative,28,67,388,1,No
Groundnut,62,Flowering,28,68,388,1,No
Red Gram,73,Grain/Pod Filling,28,70,388,1,No
Ragi,43,Flowering,27,76,388,4,Yes
Ragi,45,Flowering,28,71,388,0,Yes
Red Gram,4,Germination,26,76,388,1,Yes
Groundnut,2,Germination,28,72,388,1,No
Red Gram,49,Flowering,28,71,388,1,Yes
Red Gram,92,Maturity,26,75,388,6,No
Red Gram,30,Flowering,28,71,388,3,Yes
Ragi,87,Grain/Pod Filling,26,72,388,1,No
Ragi,62,Grain/Pod Filling,28,69,388,0,No
Red Gram,57,Flowering,28,65,388,0,No
Ragi,92,Maturity,28,61,398,0,Yes
Groundnut,5,Germination,27,56,398,0,No
Groundnut,99,Grain/Pod Filling,28,55,398,0,No
Red Gram,83,Grain/Pod Filling,29,54,398,0,No
Groundnut,108,Maturity,29,54,409,0,No
Groundnut,5,Germination,30,56,409,0,No
Groundnut,95,Grain/Pod Filling,30,57,409,0,No
Red Gram,45,Flowering,30,49,409,0,Yes
Red Gram,85,Grain/Pod Filling,30,49,409,0,Yes
Ragi,96,Maturity,30,52,409,0,No
Red Gram,49,Flowering,29,48,409,0,Yes
Groundnut,9,Germination,29,48,409,0,No
Red Gram,1,Germination,29,50,409,0,No
Groundnut,26,Vegetative,29,50,409,0,No
Groundnut,10,Germination,28,50,409,0,No
Ragi,38,Flowering,27,47,409,0,Yes
Red Gram,10,Vegetative,27,48,409,0,Yes
Red Gram,63,Grain/Pod Filling,27,44,419,0,Yes
Groundnut,84,Grain/Pod Filling,26,41,419,0,No
Red Gram,19,Vegetative,26,39,419,0,Yes
Ragi,59,Flowering,29,57,419,0,No
Ragi,53,Flowering,29,60,419,0,No
Ragi,26,Vegetative,28,54,419,0,Yes
Ragi,88,Grain/Pod Filling,29,48,419,0,No
Ragi,99,Maturity,30,56,419,0,Yes
Ragi,47,Flowering,28,64,409,7,No
Ragi,30,Vegetative,26,77,398,7,No
Red Gram,57,Flowering,26,78,388,6,Yes
Groundnut,92,Grain/Pod Filling,26,78,388,3,No
Groundnut,78,Grain/Pod Filling,26,77,378,7,No
Ragi,44,Flowering,26,78,368,4,Yes
Red Gram,80,Grain/Pod Filling,26,74,368,0,Yes
Groundnut,105,Maturity,26,65,378,0,No
Red Gram,57,Flowering,25,63,378,0,No
Ragi,62,Grain/Pod Filling,24,73,388,0,No
Red Gram,26,Vegetative,25,62,388,0,Yes
Groundnut,60,Flowering,26,66,398,0,No
Ragi,69,Grain/Pod Filling,26,66,398,0,No
Ragi,8,Germination,26,61,398,0,Yes
Red Gram,16,Vegetative,26,65,409,0,Yes
Ragi,10,Germination,27,67,409,0,Yes
Red Gram,72,Grain/Pod Filling,27,69,409,0,No
Ragi,39,Flowering,27,62,409,0,Yes
Groundnut,92,Grain/Pod Filling,26,65,409,0,No
Groundnut,91,Grain/Pod Filling,27,62,409,0,No
Red Gram,93,Maturity,27,59,409,0,No
Red Gram,90,Maturity,27,66,409,0,No
Groundnut,88,Grain/Pod Filling,27,57,409,0,No
Groundnut,16,Vegetative,27,53,409,0,No
Red Gram,54,Flowering,27,63,409,0,No
Red Gram,71,Grain/Pod Filling,26,59,409,1,No
Red Gram,39,Flowering,26,61,409,0,No
Groundnut,37,Flowering,26,61,409,0,No
Groundnut,85,Grain/Pod Filling,26,64,409,1,No
Red Gram,57,Flowering,25,63,409,0,No
Groundnut,51,Flowering,25,56,409,0,No
Groundnut,79,Grain/Pod Filling,24,55,409,0,No
Groundnut,87,Grain/Pod Filling,24,55,409,0,No
Groundnut,16,Vegetative,23,55,409,0,No
Ragi,16,Vegetative,23,59,409,0,Yes
Groundnut,44,Flowering,25,66,409,0,No
Ragi,9,Germination,25,64,409,0,Yes
Red Gram,61,Grain/Pod Filling,25,60,409,0,No
Ragi,18,Vegetative,24,49,409,0,Yes
Ragi,93,Maturity,24,52,409,0,Yes
Red Gram,35,Flowering,23,52,409,0,No
Red Gram,71,Grain/Pod Filling,23,52,409,0,No
Ragi,44,Flowering,24,52,409,0,Yes
Red Gram,38,Flowering,23,56,409,0,No
Ragi,9,Germination,24,49,409,0,Yes
Ragi,41,Flowering,24,55,419,0,Yes
Ragi,5,Germination,24,53,419,0,Yes
Ragi,70,Grain/Pod Filling,23,57,419,0,No
Ragi,87,Grain/Pod Filling,24,57,419,0,No
Red Gram,57,Flowering,24,58,419,0,No
Groundnut,106,Maturity,25,55,419,0,No
Red Gram,34,Flowering,24,53,419,0,No
Ragi,25,Vegetative,25,56,419,0,Yes
Ragi,67,Grain/Pod Filling,24,56,419,0,No
Ragi,2,Germination,25,53,419,0,Yes
Groundnut,58,Flowering,25,52,419,0,No
Ragi,1,Germination,26,49,419,0,Yes
Red Gram,15,Vegetative,25,50,419,0,Yes
Ragi,3,Germination,26,54,419,0,Yes
Red Gram,67,Grain/Pod Filling,25,48,419,0,Yes
Red Gram,89,Maturity,25,48,419,0,No
Red Gram,1,Germination,25,51,419,0,No
Groundnut,3,Germination,26,54,419,0,No
Ragi,57,Flowering,25,55,419,0,Yes
Groundnut,75,Grain/Pod Filling,27,46,419,0,No
Groundnut,34,Flowering,27,47,419,0,No
Red Gram,81,Grain/Pod Filling,27,40,419,0,Yes
Red Gram,59,Grain/Pod Filling,25,27,419,0,Yes
Groundnut,84,Grain/Pod Filling,26,54,419,0,No
Groundnut,73,Grain/Pod Filling,26,53,419,0,No
Ragi,28,Vegetative,25,52,419,0,Yes
Groundnut,56,Flowering,25,51,419,0,No
Groundnut,39,Flowering,25,46,419,0,No
Ragi,57,Flowering,25,41,419,0,Yes
Red Gram,46,Flowering,26,35,419,0,Yes
Red Gram,60,Grain/Pod Filling,26,30,419,0,Yes
Groundnut,73,Grain/Pod Filling,28,49,419,0,No
Groundnut,66,Flowering,27,44,419,0,No
Red Gram,72,Grain/Pod Filling,28,44,419,0,Yes
Red Gram,23,Vegetative,28,40,419,0,Yes
Groundnut,98,Grain/Pod Filling,28,40,419,0,No
Groundnut,66,Flowering,28,50,419,0,No
Groundnut,11,Germination,28,49,419,0,No
Ragi,36,Flowering,27,43,419,0,Yes
Ragi,61,Grain/Pod Filling,26,43,419,0,No
Groundnut,33,Vegetative,27,40,419,0,No
Groundnut,60,Flowering,26,37,419,0,No
Red Gram,21,Vegetative,26,33,419,0,Yes
Red Gram,4,Germination,28,38,419,0,Yes
Groundnut,86,Grain/Pod Filling,29,26,419,0,No
Groundnut,54,Flowering,28,29,419,0,No
Groundnut,41,Flowering,29,46,419,0,No
Red Gram,39,Flowering,29,49,419,0,Yes
Groundnut,98,Grain/Pod Filling,28,44,419,0,No
Red Gram,67,Grain/Pod Filling,29,40,419,0,Yes
Groundnut,94,Grain/Pod Filling,29,34,419,0,No
Ragi,36,Flowering,30,32,419,0,Yes
Red Gram,6,Germination,30,33,419,0,Yes
Ragi,41,Flowering,31,30,419,0,Yes
Groundnut,89,Grain/Pod Filling,32,30,419,0,No
Red Gram,4,Germination,31,20,419,0,Yes
Groundnut,37,Flowering,30,21,419,0,No
Red Gram,88,Maturity,32,37,419,0,No
Red Gram,3,Germination,31,41,419,0,Yes
Red Gram,57,Flowering,32,36,419,0,Yes
Groundnut,76,Grain/Pod Filling,33,24,419,0,No
Groundnut,79,Grain/Pod Filling,31,23,419,0,No
Groundnut,57,Flowering,32,26,419,0,Yes
Groundnut,110,Maturity,33,30,419,0,No
Groundnut,35,Flowering,32,34,419,0,Yes
Ragi,50,Flowering,32,30,419,0,Yes
Red Gram,78,Grain/Pod Filling,31,32,419,0,Yes
Red Gram,64,Grain/Pod Filling,30,43,419,0,Yes
Groundnut,84,Grain/Pod Filling,31,40,419,0,No
Ragi,65,Grain/Pod Filling,32,31,419,0,No
Red Gram,45,Flowering,33,30,419,0,Yes
Red Gram,50,Flowering,32,30,419,0,Yes
Groundnut,44,Flowering,32,29,419,0,Yes
Groundnut,39,Flowering,33,25,419,0,Yes
Groundnut,5,Germination,33,25,419,0,No
Groundnut,110,Maturity,34,27,419,0,No
Red Gram,52,Flowering,33,23,419,0,Yes
Ragi,77,Grain/Pod Filling,33,22,419,0,No
Groundnut,41,Flowering,34,24,419,0,No
Ragi,51,Flowering,35,24,419,0,Yes
Groundnut,90,Grain/Pod Filling,34,21,419,0,No
Ragi,70,Grain/Pod Filling,35,20,419,0,No
Red Gram,91,Maturity,35,26,419,0,No
Groundnut,79,Grain/Pod Filling,35,22,419,0,No
Red Gram,13,Vegetative,33,38,419,0,Yes
Groundnut,68,Grain/Pod Filling,33,37,419,0,No
Red Gram,76,Grain/Pod Filling,33,39,419,1,Yes
Groundnut,97,Grain/Pod Filling,34,29,419,0,No
Red Gram,94,Maturity,35,28,419,0,No
Red Gram,14,Vegetative,34,30,419,0,Yes
Red Gram,28,Vegetative,36,30,419,0,Yes
Groundnut,48,Flowering,33,41,419,0,Yes
Groundnut,75,Grain/Pod Filling,32,48,409,7,No
Ragi,10,Germination,33,48,409,1,Yes
Groundnut,1,Germination,34,40,409,0,No
Ragi,55,Flowering,34,33,409,0,Yes
Groundnut,10,Germination,33,31,409,0,No
Ragi,25,Vegetative,34,28,409,0,Yes
Groundnut,76,Grain/Pod Filling,35,28,409,0,No
Red Gram,36,Flowering,36,27,419,0,Yes
Groundnut,9,Germination,36,27,419,0,No
Groundnut,28,Vegetative,36,23,419,0,No
Ragi,88,Grain/Pod Filling,35,23,419,0,No
Red Gram,88,Maturity,35,19,419,0,No
Groundnut,54,Flowering,35,23,419,0,No
Groundnut,76,Grain/Pod Filling,37,27,419,0,No
Red Gram,4,Germination,37,33,409,3,Yes
Groundnut,69,Grain/Pod Filling,34,41,409,3,No
Red Gram,72,Grain/Pod Filling,33,46,409,1,Yes
Ragi,39,Flowering,34,44,409,0,Yes
Red Gram,4,Germination,31,59,378,29,No
Groundnut,91,Grain/Pod Filling,29,69,337,21,No
Groundnut,64,Flowering,30,64,347,2,No
Red Gram,24,Vegetative,30,65,358,1,No
Ragi,33,Flowering,30,65,358,3,No
Groundnut,14,Vegetative,29,68,358,3,No
Groundnut,98,Grain/Pod Filling,30,68,358,2,No
Groundnut,42,Flowering,29,70,347,9,No
Ragi,77,Grain/Pod Filling,31,63,347,0,No
Ragi,77,Grain/Pod Filling,31,60,358,0,No
Red Gram,14,Vegetative,32,61,368,0,No
Groundnut,35,Flowering,30,65,368,3,No
Groundnut,93,Grain/Pod Filling,30,60,368,3,No
Ragi,16,Vegetative,31,58,368,0,Yes
Red Gram,85,Grain/Pod Filling,32,57,378,0,Yes
Red Gram,85,Grain/Pod Filling,32,55,388,0,Yes
Ragi,94,Maturity,28,76,358,16,No
Groundnut,50,Flowering,29,73,358,1,No
Groundnut,82,Grain/Pod Filling,28,76,358,13,No
Ragi,42,Flowering,28,77,306,25,Yes
Ragi,83,Grain/Pod Filling,28,76,296,5,No
Groundnut,67,Grain/Pod Filling,27,73,296,5,No
Ragi,14,Vegetative,26,79,296,4,No
Groundnut,1,Germination,26,74,296,4,No
Groundnut,8,Germination,26,74,296,5,No
Groundnut,59,Flowering,26,77,296,4,No
Red Gram,71,Grain/Pod Filling,28,73,296,2,Yes
Red Gram,2,Germination,27,71,296,8,Yes
Groundnut,88,Grain/Pod Filling,28,69,306,2,No
Red Gram,2,Germination,27,74,317,0,Yes
Ragi,99,Maturity,28,70,317,0,Yes
Groundnut,81,Grain/Pod Filling,28,66,327,1,No
Red Gram,86,Maturity,26,73,327,3,No
Groundnut,87,Grain/Pod Filling,24,70,327,2,No
Ragi,10,Germination,28,68,337,0,Yes
Ragi,55,Flowering,28,68,337,3,No
Groundnut,101,Maturity,28,71,337,0,No
Red Gram,38,Flowering,28,72,347,1,Yes
Red Gram,24,Vegetative,28,68,347,3,No
Red Gram,32,Flowering,27,74,337,8,Yes
Groundnut,63,Flowering,26,77,337,8,No
Ragi,51,Flowering,27,75,327,2,Yes
Groundnut,106,Maturity,27,69,327,0,No
Red Gram,64,Grain/Pod Filling,28,69,337,1,No
Red Gram,22,Vegetative,26,74,337,3,Yes
Red Gram,91,Maturity,27,78,337,2,No
Red Gram,34,Flowering,26,78,337,6,Yes
Groundnut,1,Germination,26,77,327,5,No
Groundnut,67,Grain/Pod Filling,27,72,327,3,No
Red Gram,34,Flowering,27,72,327,1,Yes
Ragi,48,Flowering,26,81,327,8,Yes
Ragi,63,Grain/Pod Filling,27,77,317,2,No
Groundnut,23,Vegetative,27,74,317,1,No
Ragi,76,Grain/Pod Filling,27,73,327,2,No
Red Gram,77,Grain/Pod Filling,27,72,327,3,Yes
Red Gram,36,Flowering,27,72,327,1,Yes
Red Gram,2,Germination,27,73,327,4,Yes
Ragi,100,Maturity,27,72,327,0,Yes
Ragi,64,Grain/Pod Filling,27,73,337,0,No
Red Gram,79,Grain/Pod Filling,28,71,337,2,Yes
Ragi,37,Flowering,27,75,337,1,Yes
Groundnut,98,Grain/Pod Filling,28,76,347,1,No
Red Gram,72,Grain/Pod Filling,26,78,347,0,Yes
Groundnut,109,Maturity,28,73,347,6,No
Groundnut,50,Flowering,26,79,306,4,No
Red Gram,8,Germination,28,73,306,2,Yes
Ragi,70,Grain/Pod Filling,28,74,306,1,No
Groundnut,99,Grain/Pod Filling,27,74,317,0,No
Red Gram,19,Vegetative,26,84,317,3,Yes
Groundnut,5,Germination,28,76,317,3,No
Red Gram,5,Germination,29,76,317,9,Yes
Ragi,57,Flowering,28,81,306,5,Yes
Red Gram,73,Grain/Pod Filling,28,76,286,4,Yes
Ragi,28,Vegetative,27,79,265,6,No
Ragi,97,Maturity,26,79,276,1,Yes
Red Gram,87,Maturity,26,81,276,1,No
Groundnut,92,Grain/Pod Filling,27,77,286,4,No
Groundnut,105,Maturity,26,78,296,0,No
Red Gram,81,Grain/Pod Filling,27,77,296,3,Yes
Red Gram,43,Flowering,26,82,265,12,No
Red Gram,89,Maturity,26,81,255,4,No
Ragi,79,Grain/Pod Filling,26,81,255,8,No
Groundnut,82,Grain/Pod Filling,27,81,245,13,No
Red Gram,8,Germination,26,84,235,3,Yes
Red Gram,45,Flowering,26,82,235,6,Yes
Red Gram,59,Grain/Pod Filling,25,84,235,2,Yes
Groundnut,103,Maturity,25,84,235,0,No
Red Gram,77,Grain/Pod Filling,26,79,245,0,Yes
Red Gram,18,Vegetative,26,76,255,0,Yes
Red Gram,87,Maturity,26,75,265,0,No
Red Gram,4,Germination,26,73,276,0,Yes
Red Gram,15,Vegetative,26,73,286,0,Yes
Ragi,91,Maturity,26,72,306,0,Yes
Ragi,15,Vegetative,26,70,317,1,No
Ragi,21,Vegetative,27,70,317,0,No
Groundnut,46,Flowering,27,71,327,0,No
Groundnut,86,Grain/Pod Filling,26,79,327,3,No
Groundnut,105,Maturity,26,81,306,14,No
Ragi,85,Grain/Pod Filling,26,86,286,3,No
Groundnut,20,Vegetative,25,86,286,10,No
Groundnut,66,Flowering,26,80,276,4,No
Groundnut,54,Flowering,27,77,296,0,No
Groundnut,27,Vegetative,27,80,296,7,No
Ragi,96,Maturity,27,78,296,0,Yes
Ragi,31,Flowering,28,75,306,4,Yes
Red Gram,80,Grain/Pod Filling,29,72,306,2,Yes
Ragi,80,Grain/Pod Filling,27,82,296,6,No
Ragi,48,Flowering,27,83,286,3,Yes
Ragi,70,Grain/Pod Filling,26,73,296,0,No
Groundnut,7,Germination,26,76,306,0,No
Ragi,23,Vegetative,26,83,306,8,Yes
Ragi,78,Grain/Pod Filling,26,81,306,6,No
Ragi,53,Flowering,26,83,296,9,Yes
Ragi,1,Germination,26,83,296,2,No
Ragi,11,Vegetative,27,80,296,0,No
Groundnut,79,Grain/Pod Filling,25,85,306,0,No
Groundnut,21,Vegetative,25,86,306,9,No
Groundnut,19,Vegetative,26,88,255,5,No
Red Gram,1,Germination,25,90,255,4,Yes
Red Gram,79,Grain/Pod Filling,26,84,265,0,Yes
Groundnut,27,Vegetative,25,87,265,3,No
Red Gram,92,Maturity,25,84,265,6,No
Red Gram,86,Maturity,26,84,265,2,No
Groundnut,81,Grain/Pod Filling,25,76,276,0,No
Ragi,1,Germination,25,75,296,0,No
Groundnut,64,Flowering,25,69,296,0,No
Groundnut,64,Flowering,26,67,306,0,No
Ragi,52,Flowering,26,74,317,1,Yes
Groundnut,82,Grain/Pod Filling,26,81,317,2,No
Red Gram,52,Flowering,26,77,327,0,Yes
Ragi,34,Flowering,25,79,327,0,Yes
Ragi,90,Grain/Pod Filling,25,73,337,0,No
Groundnut,17,Vegetative,24,68,337,0,No
Groundnut,110,Maturity,24,69,347,0,No
Red Gram,8,Germination,25,73,347,0,Yes
Red Gram,87,Maturity,26,73,347,0,No
Groundnut,46,Flowering,25,70,358,0,No
Groundnut,70,Grain/Pod Filling,24,68,358,0,No
Ragi,45,Flowering,26,76,368,0,Yes
Groundnut,72,Grain/Pod Filling,26,76,368,1,No
Red Gram,17,Vegetative,26,72,368,0,Yes
Ragi,74,Grain/Pod Filling,24,63,378,0,No
Groundnut,20,Vegetative,22,64,378,0,No
Red Gram,80,Grain/Pod Filling,22,68,378,0,No
Red Gram,74,Grain/Pod Filling,22,69,378,0,No
Red Gram,89,Maturity,22,69,388,0,No
Red Gram,74,Grain/Pod Filling,22,70,388,0,No
Red Gram,5,Germination,22,70,388,0,Yes
Red Gram,86,Maturity,22,70,388,0,No
Red Gram,51,Flowering,22,67,398,0,No
Red Gram,6,Germination,23,68,398,0,Yes
Ragi,87,Grain/Pod Filling,24,67,398,0,No
Groundnut,24,Vegetative,22,58,398,0,No
Ragi,70,Grain/Pod Filling,24,59,398,0,No
Groundnut,31,Vegetative,25,67,398,0,No
Ragi,49,Flowering,26,71,398,0,Yes
Red Gram,47,Flowering,26,77,398,4,Yes
Red Gram,62,Grain/Pod Filling,26,76,398,1,Yes
Groundnut,29,Vegetative,27,73,398,0,No
Groundnut,30,Vegetative,27,69,398,0,No
Red Gram,19,Vegetative,27,70,398,1,Yes
Ragi,10,Germination,26,73,398,1,No
Ragi,67,Grain/Pod Filling,27,70,398,0,No
Red Gram,87,Maturity,27,66,398,0,No
Groundnut,21,Vegetative,25,62,409,0,No
Groundnut,13,Vegetative,25,61,409,0,No
Red Gram,39,Flowering,24,54,409,0,No
Groundnut,90,Grain/Pod Filling,22,56,409,0,No
Red Gram,4,Germination,21,50,409,0,Yes
Red Gram,17,Vegetative,25,60,409,0,Yes
Groundnut,17,Vegetative,27,62,409,0,No
Ragi,24,Vegetative,27,53,409,0,Yes
Red Gram,48,Flowering,26,56,409,0,No
Groundnut,105,Maturity,26,66,409,0,No
Ragi,69,Grain/Pod Filling,26,63,409,0,No
Red Gram,91,Maturity,25,56,409,0,No
Red Gram,36,Flowering,25,52,409,0,No
Ragi,56,Flowering,25,55,409,0,Yes
Groundnut,82,Grain/Pod Filling,23,45,409,0,No
Ragi,65,Grain/Pod Filling,23,38,409,0,No
Groundnut,69,Grain/Pod Filling,23,51,419,0,No
Groundnut,83,Grain/Pod Filling,22,45,419,0,No
Red Gram,51,Flowering,22,52,419,0,No
Groundnut,83,Grain/Pod Filling,23,60,419,0,No
Ragi,72,Grain/Pod Filling,24,61,419,0,No
Groundnut,110,Maturity,25,56,419,0,No
Ragi,36,Flowering,26,58,419,0,Yes
Red Gram,81,Grain/Pod Filling,26,58,419,0,No
Ragi,81,Grain/Pod Filling,25,61,419,0,No
Red Gram,52,Flowering,25,59,419,0,No
Ragi,1,Germination,25,57,419,0,Yes
Ragi,72,Grain/Pod Filling,24,55,419,0,No
Red Gram,5,Germination,24,38,419,0,Yes
Red Gram,24,Vegetative,24,39,419,0,Yes
Ragi,88,Grain/Pod Filling,24,46,419,0,No
Ragi,15,Vegetative,25,51,419,0,Yes
Red Gram,22,Vegetative,25,51,419,0,Yes
Ragi,21,Vegetative,25,41,419,0,Yes
Red Gram,37,Flowering,25,43,419,0,Yes
Groundnut,56,Flowering,26,40,419,0,No
Ragi,56,Flowering,27,35,419,0,Yes
Red Gram,43,Flowering,27,37,419,0,Yes
Ragi,28,Vegetative,27,42,419,0,Yes
Red Gram,8,Germination,27,40,419,0,Yes
Ragi,68,Grain/Pod Filling,27,47,419,0,No
Ragi,41,Flowering,27,44,419,0,Yes
Groundnut,71,Grain/Pod Filling,27,34,419,0,No
Red Gram,37,Flowering,27,27,419,0,Yes
Ragi,15,Vegetative,26,19,419,0,Yes
Groundnut,66,Flowering,27,34,419,0,No
Ragi,72,Grain/Pod Filling,28,35,419,0,No
Red Gram,37,Flowering,28,36,419,0,Yes
Groundnut,106,Maturity,28,42,419,0,No
Red Gram,90,Maturity,29,36,419,0,No
Red Gram,75,Grain/Pod Filling,28,27,419,0,Yes
Ragi,60,Flowering,27,24,419,0,Yes
Groundnut,49,Flowering,27,39,419,0,No
Ragi,100,Maturity,28,43,419,0,No
Groundnut,36,Flowering,28,42,419,0,No
Red Gram,58,Grain/Pod Filling,28,42,419,0,Yes
Ragi,63,Grain/Pod Filling,29,35,419,0,No
Red Gram,95,Maturity,29,30,419,0,No
Red Gram,11,Vegetative,30,24,419,0,Yes
Groundnut,72,Grain/Pod Filling,30,19,419,0,No
Red Gram,66,Grain/Pod Filling,28,9,419,0,Yes
Ragi,12,Vegetative,27,9,419,0,Yes
Red Gram,22,Vegetative,28,27,419,0,Yes
Red Gram,69,Grain/Pod Filling,28,44,419,0,Yes
Red Gram,92,Maturity,28,38,419,0,No
Groundnut,73,Grain/Pod Filling,29,36,419,0,No
Groundnut,95,Grain/Pod Filling,31,27,419,0,No
Groundnut,19,Vegetative,31,24,419,0,No
Ragi,40,Flowering,30,24,419,0,Yes
Red Gram,17,Vegetative,31,30,419,0,Yes
Groundnut,23,Vegetative,31,33,419,0,No
Ragi,11,Vegetative,31,40,419,0,Yes
Red Gram,66,Grain/Pod Filling,32,40,419,1,Yes
Ragi,5,Germination,31,42,419,0,Yes
Groundnut,5,Germination,32,31,419,0,No
Groundnut,67,Grain/Pod Filling,31,28,419,0,No
Ragi,68,Grain/Pod Filling,32,27,419,0,No
Groundnut,3,Germination,32,23,419,0,No
Ragi,99,Maturity,32,22,419,0,Yes
Red Gram,69,Grain/Pod Filling,33,26,419,0,Yes
Groundnut,46,Flowering,31,32,419,0,Yes
Red Gram,21,Vegetative,30,42,419,0,Yes
Red Gram,24,Vegetative,30,50,409,6,No
Red Gram,31,Flowering,30,49,409,0,Yes
Groundnut,54,Flowering,32,39,409,0,Yes
Groundnut,40,Flowering,32,34,409,0,Yes
Groundnut,76,Grain/Pod Filling,32,36,409,1,No
Groundnut,60,Flowering,32,36,409,0,Yes
Groundnut,1,Germination,32,36,409,2,No
Ragi,47,Flowering,32,37,409,0,Yes
Red Gram,95,Maturity,32,33,409,0,No
Ragi,49,Flowering,33,23,409,0,Yes
Groundnut,91,Grain/Pod Filling,33,31,409,0,No
Ragi,77,Grain/Pod Filling,33,36,409,1,No
Ragi,33,Flowering,32,50,398,2,No
Groundnut,76,Grain/Pod Filling,34,40,409,1,No
Ragi,86,Grain/Pod Filling,34,32,409,0,No
Groundnut,108,Maturity,34,38,409,1,No
Groundnut,76,Grain/Pod Filling,35,32,409,1,No
Red Gram,91,Maturity,35,36,409,2,No
Groundnut,64,Flowering,34,41,409,4,No
Groundnut,36,Flowering,32,46,398,0,Yes
Groundnut,27,Vegetative,35,35,409,0,No
Red Gram,32,Flowering,34,34,409,0,Yes
Groundnut,36,Flowering,35,31,409,1,No
Red Gram,48,Flowering,33,40,409,1,Yes
Red Gram,93,Maturity,33,28,409,0,No
Red Gram,86,Maturity,33,28,409,0,No
Groundnut,69,Grain/Pod Filling,33,29,409,0,No
Ragi,4,Germination,32,31,409,0,Yes
Red Gram,89,Maturity,33,35,409,0,No
Red Gram,32,Flowering,34,38,409,3,Yes
Red Gram,87,Maturity,34,42,409,6,No
Red Gram,26,Vegetative,31,62,378,16,No
Red Gram,20,Vegetative,29,69,368,8,No
Groundnut,4,Germination,30,63,368,4,No
Red Gram,78,Grain/Pod Filling,28,76,327,31,No
Red Gram,95,Maturity,29,72,317,4,No
Ragi,14,Vegetative,29,68,327,3,No
Groundnut,49,Flowering,27,80,306,18,No
Groundnut,110,Maturity,28,74,296,2,No
Red Gram,58,Grain/Pod Filling,28,71,306,0,Yes
Red Gram,64,Grain/Pod Filling,27,78,317,1,Yes
Ragi,63,Grain/Pod Filling,28,73,276,0,No
Red Gram,22,Vegetative,28,66,286,0,No
Ragi,87,Grain/Pod Filling,28,66,439,2,No
Groundnut,10,Germination,28,66,439,3,No
Red Gram,89,Maturity,28,64,439,0,No
Red Gram,3,Germination,29,62,439,2,No
Red Gram,16,Vegetative,28,70,439,4,No
Red Gram,69,Grain/Pod Filling,28,70,439,5,No
Red Gram,95,Maturity,28,69,439,4,No
Red Gram,89,Maturity,27,77,429,7,No
Red Gram,75,Grain/Pod Filling,27,77,429,3,Yes
Ragi,47,Flowering,27,77,419,7,Yes
Groundnut,52,Flowering,27,70,409,0,No
Red Gram,57,Flowering,27,68,419,1,No
Groundnut,99,Grain/Pod Filling,27,69,429,3,No
Red Gram,57,Flowering,27,70,419,3,No
Red Gram,4,Germination,27,69,419,3,No
Groundnut,71,Grain/Pod Filling,27,69,429,2,No
Red Gram,68,Grain/Pod Filling,27,70,429,1,No
Groundnut,36,Flowering,27,74,429,4,No
Ragi,14,Vegetative,26,74,429,4,No
Red Gram,73,Grain/Pod Filling,27,71,429,2,Yes
Groundnut,49,Flowering,26,71,429,1,No
Ragi,57,Flowering,27,69,429,2,Yes
Groundnut,78,Grain/Pod Filling,23,73,398,0,No
Red Gram,82,Grain/Pod Filling,24,75,398,0,Yes
Red Gram,9,Germination,24,73,398,0,Yes
Ragi,66,Grain/Pod Filling,24,72,398,0,No
Red Gram,5,Germination,24,74,398,0,Yes
Ragi,50,Flowering,24,69,409,0,Yes
Groundnut,92,Grain/Pod Filling,24,66,409,0,No
Groundnut,66,Flowering,24,68,409,0,No
Red Gram,35,Flowering,23,70,409,0,No
Red Gram,62,Grain/Pod Filling,22,67,419,0,No
Red Gram,95,Maturity,22,67,419,0,No
Groundnut,82,Grain/Pod Filling,22,62,419,0,No
Groundnut,107,Maturity,22,59,419,0,No
Ragi,5,Germination,22,60,419,0,Yes
Ragi,62,Grain/Pod Filling,23,61,419,0,No
Groundnut,1,Germination,24,62,419,0,No
Red Gram,65,Grain/Pod Filling,24,64,429,0,No
Groundnut,80,Grain/Pod Filling,24,57,429,0,No
Groundnut,1,Germination,24,52,429,0,No
Red Gram,11,Vegetative,23,56,429,0,Yes
Groundnut,1,Germination,24,53,429,0,No
Red Gram,39,Flowering,23,49,429,0,Yes
Red Gram,70,Grain/Pod Filling,23,45,429,0,Yes
Red Gram,21,Vegetative,25,50,429,0,Yes
Groundnut,28,Vegetative,24,64,439,0,No
Ragi,7,Germination,25,60,439,0,Yes
Groundnut,58,Flowering,25,53,439,0,No
Ragi,95,Maturity,25,47,439,0,Yes
Red Gram,84,Grain/Pod Filling,25,48,439,0,Yes
Ragi,10,Germination,25,48,439,0,Yes
Ragi,5,Germination,26,54,439,0,Yes
Groundnut,68,Grain/Pod Filling,25,62,439,0,No
Groundnut,72,Grain/Pod Filling,23,61,439,0,No
Ragi,13,Vegetative,24,58,439,0,Yes
Red Gram,29,Flowering,25,54,439,0,No
Groundnut,54,Flowering,25,47,439,0,No
Red Gram,20,Vegetative,25,46,439,0,Yes
Groundnut,29,Vegetative,26,25,439,0,No
Red Gram,65,Grain/Pod Filling,25,27,439,0,Yes
Groundnut,35,Flowering,25,30,439,0,No
Red Gram,94,Maturity,25,34,439,0,No
Red Gram,3,Germination,26,39,450,0,Yes
Red Gram,16,Vegetative,25,33,450,0,Yes
Groundnut,96,Grain/Pod Filling,25,37,450,0,No
Groundnut,93,Grain/Pod Filling,26,41,450,0,No
Red Gram,22,Vegetative,27,38,450,0,Yes
Red Gram,55,Flowering,27,45,450,0,Yes
Ragi,17,Vegetative,28,43,450,0,Yes
Ragi,37,Flowering,29,41,450,0,Yes
Groundnut,62,Flowering,29,43,450,0,No
Groundnut,10,Germination,28,50,450,1,No
Ragi,65,Grain/Pod Filling,26,57,450,0,No
Red Gram,64,Grain/Pod Filling,26,56,450,0,No
Red Gram,46,Flowering,28,50,450,0,No
Groundnut,39,Flowering,29,51,450,0,No
Ragi,83,Grain/Pod Filling,28,55,450,0,No
Red Gram,54,Flowering,29,44,450,0,Yes
Red Gram,38,Flowering,29,30,450,0,Yes
Groundnut,17,Vegetative,30,41,450,0,No
Red Gram,39,Flowering,28,36,450,0,Yes
Groundnut,63,Flowering,29,36,450,0,No
Ragi,61,Grain/Pod Filling,30,35,450,0,No
Red Gram,72,Grain/Pod Filling,29,25,450,0,Yes
Red Gram,73,Grain/Pod Filling,29,22,450,0,Yes
Ragi,76,Grain/Pod Filling,29,29,450,0,No
Ragi,85,Grain/Pod Filling,29,24,450,0,No
Red Gram,87,Maturity,30,27,450,0,No
Groundnut,34,Flowering,32,36,450,0,Yes
Groundnut,89,Grain/Pod Filling,31,32,450,0,No
Red Gram,65,Grain/Pod Filling,31,38,450,0,Yes
Red Gram,75,Grain/Pod Filling,30,52,439,3,No
Ragi,41,Flowering,27,58,439,3,Yes
Ragi,2,Germination,29,51,439,2,Yes
Red Gram,81,Grain/Pod Filling,29,43,439,0,Yes
Red Gram,84,Grain/Pod Filling,30,39,439,0,Yes
Red Gram,87,Maturity,30,34,439,0,No
Red Gram,5,Germination,30,29,439,0,Yes
Ragi,16,Vegetative,30,33,439,0,Yes
Ragi,43,Flowering,32,35,450,0,Yes
Red Gram,68,Grain/Pod Filling,32,36,450,0,Yes
Ragi,55,Flowering,32,32,450,0,Yes
Red Gram,80,Grain/Pod Filling,32,34,450,0,Yes
Ragi,100,Maturity,31,52,439,5,No
Groundnut,80,Grain/Pod Filling,29,59,439,2,No
Groundnut,62,Flowering,28,63,429,1,No
Ragi,30,Vegetative,29,59,439,0,Yes
Groundnut,25,Vegetative,30,49,439,0,No
Groundnut,32,Vegetative,30,52,439,6,No
Ragi,76,Grain/Pod Filling,29,58,429,0,No
Ragi,44,Flowering,29,62,419,3,No
Ragi,60,Flowering,30,57,429,2,No
Red Gram,77,Grain/Pod Filling,29,60,429,1,No
Ragi,53,Flowering,30,60,429,3,No
Ragi,50,Flowering,27,74,419,8,Yes
Ragi,4,Germination,28,68,409,5,Yes
Groundnut,58,Flowering,30,56,419,0,No
Ragi,19,Vegetative,29,57,429,0,Yes
Red Gram,18,Vegetative,29,60,429,2,No
Groundnut,15,Vegetative,30,58,429,0,No
Groundnut,50,Flowering,30,55,439,1,No
Red Gram,40,Flowering,30,55,439,0,No
Red Gram,83,Grain/Pod Filling,28,68,439,6,No
Ragi,96,Maturity,25,79,429,2,Yes
Red Gram,45,Flowering,27,69,429,1,No
Groundnut,56,Flowering,28,63,429,0,No
Groundnut,53,Flowering,29,61,429,0,No
Red Gram,47,Flowering,30,58,439,0,No
Red Gram,91,Maturity,31,55,439,1,No
Red Gram,23,Vegetative,29,64,429,4,No
Ragi,22,Vegetative,29,68,429,5,No
Ragi,45,Flowering,28,68,419,4,No
Groundnut,61,Flowering,28,65,429,0,No
Groundnut,71,Grain/Pod Filling,26,71,429,7,No
Ragi,78,Grain/Pod Filling,25,82,388,8,No
Ragi,87,Grain/Pod Filling,25,76,388,2,No
Red Gram,72,Grain/Pod Filling,25,79,388,2,Yes
Ragi,90,Grain/Pod Filling,25,75,388,1,No
Ragi,13,Vegetative,26,71,398,0,No
Red Gram,16,Vegetative,25,71,398,1,Yes
Red Gram,43,Flowering,26,69,409,0,No
Groundnut,98,Grain/Pod Filling,26,67,409,0,No
Red Gram,63,Grain/Pod Filling,26,63,409,0,No
Red Gram,80,Grain/Pod Filling,24,82,409,10,No
Red Gram,34,Flowering,24,76,388,5,Yes
Red Gram,65,Grain/Pod Filling,25,70,398,0,No
Groundnut,39,Flowering,25,71,398,2,No
Groundnut,39,Flowering,26,75,398,1,No
Groundnut,75,Grain/Pod Filling,26,75,398,2,No
Red Gram,1,Germination,25,78,398,2,Yes
Red Gram,61,Grain/Pod Filling,24,78,398,1,Yes
Red Gram,65,Grain/Pod Filling,25,72,409,0,Yes
Red Gram,43,Flowering,26,69,409,0,No
Red Gram,30,Flowering,25,73,409,5,Yes
Ragi,27,Vegetative,24,77,398,3,Yes
Red Gram,8,Germination,25,69,409,1,No
Groundnut,104,Maturity,25,71,409,2,No
Red Gram,94,Maturity,26,71,398,14,No
Red Gram,37,Flowering,25,80,347,21,No
Groundnut,90,Grain/Pod Filling,24,85,347,6,No
Red Gram,57,Flowering,25,82,358,3,Yes
Groundnut,26,Vegetative,24,86,358,4,No
Ragi,83,Grain/Pod Filling,24,84,358,3,No
Groundnut,83,Grain/Pod Filling,24,76,358,0,No
Groundnut,24,Vegetative,23,81,368,3,No
Groundnut,52,Flowering,25,78,368,4,No
Ragi,2,Germination,25,77,368,2,No
Red Gram,34,Flowering,25,77,368,1,Yes
Red Gram,52,Flowering,25,78,368,3,Yes
Ragi,95,Maturity,24,81,368,6,Yes
Red Gram,30,Flowering,23,84,347,16,No
Groundnut,72,Grain/Pod Filling,24,77,347,2,No
Groundnut,17,Vegetative,24,79,347,1,No
Groundnut,82,Grain/Pod Filling,24,80,358,0,No
Red Gram,91,Maturity,23,86,358,1,No
Red Gram,87,Maturity,23,83,358,4,No
Ragi,98,Maturity,23,83,337,4,Yes
Groundnut,43,Flowering,25,79,276,3,No
Ragi,38,Flowering,26,81,276,25,Yes
Ragi,63,Grain/Pod Filling,25,85,235,27,No
Groundnut,6,Germination,23,82,245,0,No
Ragi,58,Flowering,24,82,255,4,Yes
Groundnut,97,Grain/Pod Filling,24,84,255,5,No
Groundnut,53,Flowering,24,87,245,27,No
Red Gram,61,Grain/Pod Filling,23,85,225,4,Yes
Groundnut,55,Flowering,24,82,235,2,No
Ragi,36,Flowering,23,85,225,14,Yes
Ragi,52,Flowering,24,82,225,8,Yes
Ragi,38,Flowering,25,81,214,10,Yes
Ragi,93,Maturity,25,82,214,7,Yes
Groundnut,73,Grain/Pod Filling,23,86,214,5,No
Red Gram,25,Vegetative,23,88,214,4,Yes
Red Gram,22,Vegetative,23,86,225,1,Yes
Red Gram,91,Maturity,23,85,235,1,No
Ragi,52,Flowering,23,84,235,1,Yes
Red Gram,66,Grain/Pod Filling,24,83,225,3,Yes
Red Gram,14,Vegetative,24,84,235,1,Yes
Groundnut,6,Germination,24,84,235,1,No
Groundnut,91,Grain/Pod Filling,24,84,245,1,No
Groundnut,99,Grain/Pod Filling,24,84,255,1,No
Groundnut,21,Vegetative,24,83,255,0,No
Groundnut,14,Vegetative,24,82,265,0,No
Red Gram,76,Grain/Pod Filling,24,82,265,0,Yes
Ragi,62,Grain/Pod Filling,24,82,276,0,No
Ragi,100,Maturity,24,81,286,0,Yes
Ragi,75,Grain/Pod Filling,24,84,286,1,No
Red Gram,83,Grain/Pod Filling,24,86,276,11,No
Groundnut,73,Grain/Pod Filling,23,88,265,8,No
Red Gram,93,Maturity,24,83,255,19,No
Ragi,86,Grain/Pod Filling,25,82,235,4,No
Red Gram,32,Flowering,26,83,255,6,Yes
Groundnut,8,Germination,24,85,235,18,No
Groundnut,12,Vegetative,25,85,204,29,No
Groundnut,109,Maturity,23,88,204,4,No
Groundnut,60,Flowering,22,87,214,6,No
Red Gram,14,Vegetative,22,84,214,1,Yes
Groundnut,81,Grain/Pod Filling,23,86,225,1,No
Groundnut,43,Flowering,23,85,225,3,No
Red Gram,89,Maturity,23,87,225,5,No
Red Gram,34,Flowering,23,88,214,9,Yes
Groundnut,107,Maturity,22,87,214,7,No
Groundnut,1,Germination,22,84,214,1,No
Ragi,99,Maturity,22,85,225,0,Yes
Red Gram,41,Flowering,23,87,225,6,Yes
Red Gram,14,Vegetative,23,84,225,0,Yes
Groundnut,30,Vegetative,23,84,235,3,No
Ragi,36,Flowering,24,87,235,6,Yes
Ragi,96,Maturity,22,87,225,4,Yes
Red Gram,68,Grain/Pod Filling,23,85,225,5,Yes
Red Gram,53,Flowering,23,90,225,3,Yes
Groundnut,30,Vegetative,22,87,225,0,No
Ragi,96,Maturity,22,85,225,1,Yes
Ragi,95,Maturity,24,85,235,1,Yes
Red Gram,27,Vegetative,24,85,235,2,Yes
Red Gram,11,Vegetative,24,79,245,0,Yes
Groundnut,28,Vegetative,24,87,225,45,No
Red Gram,87,Maturity,22,89,143,6,No
Red Gram,58,Grain/Pod Filling,23,91,143,42,No
Ragi,11,Vegetative,22,90,112,13,Yes
Red Gram,88,Maturity,23,90,112,15,No
Ragi,2,Germination,23,87,122,3,Yes
Red Gram,26,Vegetative,23,84,143,0,Yes
Ragi,25,Vegetative,23,86,143,1,Yes
Ragi,1,Germination,23,86,143,7,Yes
Ragi,80,Grain/Pod Filling,22,92,102,21,No
Groundnut,89,Grain/Pod Filling,23,88,112,2,No
Ragi,90,Grain/Pod Filling,23,92,112,3,No
Ragi,4,Germination,23,85,122,1,Yes
Groundnut,8,Germination,23,84,122,0,No
Groundnut,54,Flowering,22,85,143,0,No
Ragi,25,Vegetative,22,82,143,0,Yes
Red Gram,35,Flowering,23,80,153,0,Yes
Groundnut,63,Flowering,23,83,153,0,No
Groundnut,91,Grain/Pod Filling,22,80,163,0,No
Red Gram,81,Grain/Pod Filling,23,85,163,0,Yes
Red Gram,47,Flowering,22,85,173,1,Yes
Red Gram,25,Vegetative,23,87,173,1,Yes
Red Gram,77,Grain/Pod Filling,23,88,173,1,Yes
Red Gram,63,Grain/Pod Filling,23,86,184,0,Yes
Groundnut,52,Flowering,19,79,194,0,No
Red Gram,52,Flowering,19,84,204,0,Yes
Groundnut,52,Flowering,22,89,204,0,No
Ragi,27,Vegetative,23,86,214,0,Yes
Ragi,24,Vegetative,23,88,214,5,Yes
Red Gram,4,Germination,23,87,204,2,Yes
Red Gram,15,Vegetative,23,86,214,0,Yes
Red Gram,41,Flowering,23,84,214,0,Yes
Red Gram,8,Germination,22,80,225,0,Yes
Red Gram,6,Germination,21,79,235,0,Yes
Groundnut,71,Grain/Pod Filling,22,84,245,0,No
Red Gram,65,Grain/Pod Filling,22,86,255,1,Yes
Groundnut,63,Flowering,22,87,245,3,No
Red Gram,36,Flowering,21,81,255,0,Yes
Red Gram,43,Flowering,21,86,265,0,Yes
Groundnut,7,Germination,22,87,276,0,No
Groundnut,67,Grain/Pod Filling,22,86,276,0,No
Ragi,42,Flowering,22,88,276,3,Yes
Red Gram,45,Flowering,23,86,276,8,Yes
Red Gram,13,Vegetative,22,86,265,3,Yes
Ragi,10,Germination,19,74,286,0,Yes
Groundnut,52,Flowering,20,78,296,0,No
Groundnut,87,Grain/Pod Filling,20,77,296,0,No
Groundnut,14,Vegetative,21,82,306,0,No
Groundnut,79,Grain/Pod Filling,21,83,306,0,No
Groundnut,91,Grain/Pod Filling,21,80,306,0,No
Ragi,83,Grain/Pod Filling,18,77,327,0,No
Red Gram,7,Germination,18,76,327,0,Yes
Ragi,94,Maturity,20,79,327,0,Yes
Groundnut,51,Flowering,22,78,337,0,No
Ragi,44,Flowering,21,79,337,0,Yes
Ragi,36,Flowering,20,76,337,0,Yes
Red Gram,51,Flowering,19,72,347,0,Yes
Groundnut,99,Grain/Pod Filling,20,71,347,0,No
Red Gram,11,Vegetative,22,78,347,0,Yes
Ragi,98,Maturity,22,80,358,0,Yes
Ragi,60,Flowering,19,78,358,0,Yes
Groundnut,56,Flowering,20,78,358,0,No
Red Gram,40,Flowering,22,75,358,0,Yes
Red Gram,9,Germination,22,76,358,0,Yes
Groundnut,93,Grain/Pod Filling,23,86,276,21,No
Red Gram,4,Germination,22,88,286,2,Yes
Groundnut,77,Grain/Pod Filling,23,84,296,2,No
Red Gram,13,Vegetative,21,78,317,0,Yes
Groundnut,37,Flowering,21,75,317,0,No
Groundnut,88,Grain/Pod Filling,22,74,337,0,No
Red Gram,11,Vegetative,22,74,337,0,Yes
Groundnut,1,Germination,21,73,347,0,No
Ragi,14,Vegetative,22,55,358,0,Yes
Groundnut,13,Vegetative,22,59,358,0,No
Ragi,50,Flowering,22,70,358,0,Yes
Ragi,37,Flowering,22,67,368,0,Yes
Groundnut,62,Flowering,21,58,368,0,No
Red Gram,69,Grain/Pod Filling,20,64,378,0,No
Ragi,75,Grain/Pod Filling,21,62,378,0,No
Groundnut,97,Grain/Pod Filling,22,62,388,0,No
Red Gram,60,Grain/Pod Filling,21,59,388,0,No
Ragi,24,Vegetative,21,64,388,0,Yes
Groundnut,104,Maturity,21,67,398,0,No
Groundnut,32,Vegetative,21,58,398,0,No
Red Gram,44,Flowering,21,55,409,0,No
Red Gram,6,Germination,20,56,409,0,Yes
Groundnut,83,Grain/Pod Filling,21,53,409,0,No
Groundnut,56,Flowering,21,55,409,0,No
Groundnut,27,Vegetative,21,54,419,0,No
Ragi,88,Grain/Pod Filling,21,52,419,0,No
Groundnut,24,Vegetative,22,48,419,0,No
Red Gram,82,Grain/Pod Filling,22,50,419,0,No
Groundnut,7,Germination,23,55,419,0,No
Groundnut,86,Grain/Pod Filling,24,53,419,15,No
Red Gram,76,Grain/Pod Filling,21,60,378,10,No
Red Gram,29,Flowering,21,71,378,6,Yes
Red Gram,15,Vegetative,21,75,378,2,Yes
Ragi,78,Grain/Pod Filling,23,65,388,2,No
Groundnut,100,Maturity,23,62,388,0,No
Groundnut,60,Flowering,24,59,398,0,No
Red Gram,62,Grain/Pod Filling,25,53,398,0,No
Red Gram,73,Grain/Pod Filling,26,60,409,0,No
Red Gram,40,Flowering,26,47,409,0,Yes
Ragi,87,Grain/Pod Filling,25,45,419,0,No
Groundnut,70,Grain/Pod Filling,25,46,419,0,No
Ragi,19,Vegetative,24,35,429,0,Yes
Groundnut,46,Flowering,25,36,429,0,No
Groundnut,28,Vegetative,25,36,429,0,No
Ragi,15,Vegetative,25,38,429,0,Yes
Groundnut,24,Vegetative,25,38,429,0,No
Ragi,59,Flowering,26,51,439,0,Yes
Ragi,80,Grain/Pod Filling,26,47,439,0,No
Groundnut,34,Flowering,26,30,439,0,No
Groundnut,10,Germination,27,36,439,0,No
Red Gram,74,Grain/Pod Filling,28,39,439,0,Yes
Red Gram,19,Vegetative,28,35,439,0,Yes
Groundnut,47,Flowering,28,30,439,0,No
Ragi,32,Flowering,29,31,439,0,Yes
Ragi,61,Grain/Pod Filling,29,31,439,0,No
Ragi,50,Flowering,29,34,439,0,Yes
Groundnut,29,Vegetative,29,30,439,0,No
Groundnut,37,Flowering,31,36,439,0,Yes
Red Gram,61,Grain/Pod Filling,30,34,439,0,Yes
Ragi,40,Flowering,30,46,450,0,Yes
Ragi,100,Maturity,30,45,450,0,No
Groundnut,87,Grain/Pod Filling,28,47,450,0,No
Red Gram,13,Vegetative,29,46,450,0,Yes
Groundnut,44,Flowering,29,44,450,0,No
Red Gram,80,Grain/Pod Filling,31,29,450,0,Yes
Groundnut,109,Maturity,30,32,450,0,No
Ragi,79,Grain/Pod Filling,31,33,450,0,No
Ragi,35,Flowering,30,35,450,0,Yes
Red Gram,27,Vegetative,31,34,450,0,Yes
Ragi,42,Flowering,30,42,450,0,Yes
Ragi,59,Flowering,29,50,439,9,No
Groundnut,30,Vegetative,28,63,419,6,No
Groundnut,50,Flowering,28,61,419,0,No
Ragi,7,Germination,29,57,429,1,Yes
Groundnut,75,Grain/Pod Filling,28,64,429,1,No
Red Gram,39,Flowering,26,64,439,1,No
Red Gram,60,Grain/Pod Filling,28,61,429,8,No
Groundnut,64,Flowering,28,61,419,4,No
Red Gram,20,Vegetative,27,68,409,7,Yes
Red Gram,24,Vegetative,28,65,409,2,No
Ragi,16,Vegetative,28,58,429,0,Yes
Ragi,47,Flowering,29,56,429,0,No
Groundnut,95,Grain/Pod Filling,29,57,429,1,No
Ragi,8,Germination,29,59,429,2,Yes
Red Gram,20,Vegetative,29,56,429,1,No
Ragi,49,Flowering,30,57,439,1,No
Groundnut,9,Germination,29,61,429,2,No
Ragi,59,Flowering,30,57,429,2,No
Red Gram,46,Flowering,30,55,429,1,No
Red Gram,48,Flowering,29,62,439,1,No
Red Gram,18,Vegetative,27,77,429,8,Yes
Ragi,78,Grain/Pod Filling,26,78,409,8,No
Ragi,40,Flowering,27,76,409,9,Yes
Groundnut,32,Vegetative,28,69,398,5,No
Ragi,22,Vegetative,26,74,388,3,No
Groundnut,43,Flowering,26,79,388,3,No
Red Gram,31,Flowering,27,74,398,3,Yes
Groundnut,107,Maturity,26,72,398,2,No
Ragi,48,Flowering,26,73,398,7,Yes
Ragi,28,Vegetative,25,75,388,8,No
Groundnut,105,Maturity,26,72,388,2,No
Groundnut,110,Maturity,26,72,388,4,No
Groundnut,21,Vegetative,26,74,378,0,No
Ragi,28,Vegetative,25,73,378,0,No
Ragi,82,Grain/Pod Filling,26,71,388,0,No
Ragi,43,Flowering,26,70,398,0,Yes
Ragi,39,Flowering,27,70,398,0,Yes
Red Gram,5,Germination,27,75,409,0,Yes
Ragi,21,Vegetative,25,79,409,3,No
Groundnut,17,Vegetative,25,81,388,15,No
Red Gram,88,Maturity,25,75,347,13,No
Groundnut,13,Vegetative,25,73,337,3,No
Ragi,56,Flowering,25,72,358,0,Yes
Groundnut,86,Grain/Pod Filling,26,76,368,2,No
Ragi,2,Germination,25,76,368,0,No
Groundnut,74,Grain/Pod Filling,25,73,378,0,No
Ragi,18,Vegetative,24,79,378,3,Yes
Groundnut,26,Vegetative,24,76,368,1,No
Ragi,9,Germination,25,77,368,5,No
Ragi,15,Vegetative,26,75,368,6,No
Ragi,47,Flowering,24,80,368,2,Yes
Ragi,92,Maturity,24,82,368,4,Yes
Red Gram,6,Germination,24,81,358,2,Yes
Ragi,32,Flowering,25,79,368,1,Yes
Groundnut,1,Germination,25,78,368,0,No
Ragi,14,Vegetative,25,76,378,0,No
Red Gram,61,Grain/Pod Filling,24,78,378,0,Yes
Red Gram,72,Grain/Pod Filling,25,74,378,0,Yes
Ragi,91,Maturity,24,79,378,2,Yes
Ragi,11,Vegetative,22,77,388,1,Yes
Ragi,86,Grain/Pod Filling,24,71,388,0,No
Groundnut,19,Vegetative,26,71,388,0,No
Groundnut,90,Grain/Pod Filling,27,71,398,0,No
Groundnut,44,Flowering,26,76,398,0,No
Groundnut,42,Flowering,25,75,398,1,No
Red Gram,43,Flowering,24,80,388,10,No
Groundnut,107,Maturity,25,73,378,0,No
Ragi,75,Grain/Pod Filling,25,80,388,1,No
Ragi,47,Flowering,25,82,388,6,Yes
Groundnut,71,Grain/Pod Filling,24,80,378,3,No
Ragi,35,Flowering,22,80,378,1,Yes
Red Gram,5,Germination,23,78,378,1,Yes
Ragi,65,Grain/Pod Filling,24,81,358,13,No
Red Gram,20,Vegetative,24,82,337,11,No
Groundnut,16,Vegetative,24,80,337,3,No
Ragi,11,Vegetative,24,85,327,26,Yes
Groundnut,91,Grain/Pod Filling,23,89,286,13,No
Ragi,67,Grain/Pod Filling,24,82,306,1,No
Red Gram,23,Vegetative,23,85,296,12,No
Ragi,42,Flowering,24,81,296,5,Yes
Red Gram,25,Vegetative,25,81,306,5,Yes
Red Gram,10,Vegetative,24,82,306,5,Yes
Red Gram,52,Flowering,24,82,306,1,Yes
Red Gram,91,Maturity,24,80,306,1,No
Groundnut,37,Flowering,24,78,317,0,No
Ragi,32,Flowering,24,78,327,1,Yes
Red Gram,24,Vegetative,24,82,327,1,Yes
Red Gram,42,Flowering,24,81,327,0,Yes
Groundnut,104,Maturity,24,81,337,1,No
Red Gram,73,Grain/Pod Filling,24,79,337,1,Yes
Red Gram,42,Flowering,24,80,337,6,Yes
Ragi,71,Grain/Pod Filling,24,81,337,2,No
Groundnut,53,Flowering,25,78,337,1,No
Groundnut,82,Grain/Pod Filling,25,80,337,8,No
Ragi,80,Grain/Pod Filling,25,79,327,1,No
Groundnut,103,Maturity,25,79,337,0,No
Red Gram,84,Grain/Pod Filling,24,82,337,1,Yes
Red Gram,42,Flowering,24,82,347,2,Yes
Red Gram,6,Germination,24,81,347,0,Yes
Ragi,37,Flowering,24,81,358,0,Yes
Groundnut,91,Grain/Pod Filling,24,78,358,3,No
Groundnut,23,Vegetative,23,76,358,2,No
Red Gram,14,Vegetative,23,75,358,3,Yes
Groundnut,60,Flowering,24,73,358,1,No
Red Gram,40,Flowering,25,78,358,9,Yes
Groundnut,2,Germination,25,78,358,1,No
Red Gram,65,Grain/Pod Filling,24,82,358,0,Yes
Groundnut,4,Germination,25,79,358,1,No
Ragi,49,Flowering,24,82,358,3,Yes
Groundnut,70,Grain/Pod Filling,23,83,358,5,No
Ragi,15,Vegetative,23,77,347,2,Yes
Groundnut,100,Maturity,25,77,358,2,No
Ragi,9,Germination,24,81,358,4,Yes
Red Gram,10,Vegetative,23,82,347,11,No
Ragi,43,Flowering,23,84,337,6,Yes
Red Gram,58,Grain/Pod Filling,23,83,337,1,Yes
Groundnut,37,Flowering,22,82,337,4,No
Groundnut,9,Germination,23,81,337,4,No
Groundnut,59,Flowering,24,80,337,3,No
Ragi,66,Grain/Pod Filling,24,81,347,1,No
Groundnut,102,Maturity,24,83,347,5,No
Red Gram,20,Vegetative,24,83,347,5,Yes
Red Gram,84,Grain/Pod Filling,24,81,347,0,Yes
Red Gram,11,Vegetative,25,78,358,0,Yes
Ragi,71,Grain/Pod Filling,25,75,358,0,No
Red Gram,80,Grain/Pod Filling,25,74,368,1,Yes
Ragi,48,Flowering,25,77,368,1,Yes
Groundnut,109,Maturity,24,79,368,1,No
Ragi,86,Grain/Pod Filling,24,82,368,4,No
Ragi,76,Grain/Pod Filling,25,79,368,1,No
Ragi,82,Grain/Pod Filling,25,79,368,1,No
Red Gram,19,Vegetative,24,82,368,0,Yes
Red Gram,39,Flowering,23,83,378,2,Yes
Ragi,97,Maturity,23,81,378,1,Yes
Ragi,35,Flowering,25,74,378,1,Yes
Ragi,47,Flowering,25,81,378,14,Yes
Ragi,72,Grain/Pod Filling,26,77,347,7,No
Ragi,57,Flowering,26,78,347,11,Yes
Red Gram,81,Grain/Pod Filling,25,78,347,2,Yes
Red Gram,71,Grain/Pod Filling,24,85,317,50,No
Groundnut,74,Grain/Pod Filling,24,88,276,3,No
Groundnut,18,Vegetative,24,86,286,2,No
Ragi,49,Flowering,24,86,296,7,Yes
Ragi,28,Vegetative,25,79,286,1,No
Red Gram,3,Germination,24,84,296,1,Yes
Red Gram,51,Flowering,23,80,296,0,Yes
Groundnut,83,Grain/Pod Filling,24,86,296,12,No
Groundnut,4,Germination,23,87,265,13,No
Groundnut,88,Grain/Pod Filling,24,82,265,1,No
Groundnut,8,Germination,23,83,276,0,No
Red Gram,77,Grain/Pod Filling,22,81,276,0,Yes
Red Gram,77,Grain/Pod Filling,23,85,296,2,Yes
Red Gram,37,Flowering,23,87,296,6,Yes
Ragi,65,Grain/Pod Filling,24,84,296,1,No
Groundnut,100,Maturity,23,85,296,12,No
Ragi,19,Vegetative,23,86,276,8,Yes
Groundnut,12,Vegetative,21,90,276,0,No
Groundnut,63,Flowering,22,88,286,0,No
Groundnut,50,Flowering,22,84,286,0,No
Groundnut,87,Grain/Pod Filling,21,82,296,0,No
Ragi,94,Maturity,20,87,296,5,Yes
Groundnut,74,Grain/Pod Filling,24,89,245,23,No
Groundnut,30,Vegetative,24,86,235,19,No
Red Gram,86,Maturity,24,87,214,16,No
Red Gram,84,Grain/Pod Filling,23,88,204,7,Yes
Ragi,44,Flowering,21,90,204,17,Yes
Ragi,86,Grain/Pod Filling,23,90,163,18,No
Red Gram,56,Flowering,23,87,173,2,Yes
Red Gram,20,Vegetative,23,87,184,0,Yes
Ragi,90,Grain/Pod Filling,23,86,204,0,No
Ragi,72,Grain/Pod Filling,22,85,204,0,No
Red Gram,24,Vegetative,22,87,214,0,Yes
Groundnut,52,Flowering,20,89,214,0,No
Groundnut,79,Grain/Pod Filling,22,87,214,3,No
Ragi,46,Flowering,22,86,214,3,Yes
Red Gram,19,Vegetative,23,86,214,1,Yes
Red Gram,37,Flowering,23,86,225,0,Yes
Red Gram,38,Flowering,22,86,225,0,Yes
Ragi,29,Vegetative,22,86,225,0,Yes
Groundnut,92,Grain/Pod Filling,22,79,235,0,No
Groundnut,44,Flowering,21,82,235,0,No
Groundnut,8,Germination,21,79,245,0,No
Ragi,1,Germination,22,84,245,2,Yes
Groundnut,78,Grain/Pod Filling,22,86,245,0,No
Groundnut,59,Flowering,21,85,255,0,No
Ragi,2,Germination,21,86,255,0,Yes
Groundnut,44,Flowering,20,89,265,0,No
Groundnut,106,Maturity,20,84,265,0,No
Ragi,9,Germination,20,81,265,0,Yes
Ragi,11,Vegetative,18,80,276,0,Yes
Ragi,20,Vegetative,17,77,276,0,Yes
Red Gram,57,Flowering,17,78,276,0,Yes
Groundnut,63,Flowering,19,71,286,0,No
Red Gram,79,Grain/Pod Filling,19,72,296,0,Yes
Groundnut,44,Flowering,20,65,296,0,No
Red Gram,10,Vegetative,19,74,317,0,Yes
Groundnut,37,Flowering,20,78,317,0,No
Red Gram,54,Flowering,20,77,317,0,Yes
Groundnut,20,Vegetative,21,83,327,0,No
Ragi,57,Flowering,21,82,327,0,Yes
Ragi,85,Grain/Pod Filling,21,78,327,0,No
Groundnut,43,Flowering,21,75,337,0,No
Red Gram,75,Grain/Pod Filling,20,76,337,0,Yes
Ragi,47,Flowering,20,75,337,0,Yes
Ragi,23,Vegetative,21,71,347,0,Yes
Groundnut,92,Grain/Pod Filling,21,79,347,0,No
Ragi,19,Vegetative,22,78,347,0,Yes
Red Gram,8,Germination,22,77,358,0,Yes
Red Gram,23,Vegetative,22,79,358,0,Yes
Red Gram,95,Maturity,21,77,368,0,No
Red Gram,67,Grain/Pod Filling,22,69,368,0,No
Groundnut,49,Flowering,23,72,368,0,No
Red Gram,19,Vegetative,22,75,378,0,Yes
Groundnut,34,Flowering,22,71,378,0,No
Groundnut,90,Grain/Pod Filling,21,67,378,0,No
Ragi,79,Grain/Pod Filling,22,58,378,0,No
Red Gram,29,Flowering,22,66,388,0,No
Ragi,48,Flowering,21,72,388,0,Yes
Groundnut,58,Flowering,21,72,388,0,No
Red Gram,38,Flowering,21,71,398,0,Yes
Red Gram,84,Grain/Pod Filling,22,74,398,0,Yes
Red Gram,30,Flowering,21,69,398,0,No
Groundnut,55,Flowering,22,69,398,0,No
Red Gram,29,Flowering,24,67,398,0,No
Red Gram,81,Grain/Pod Filling,25,64,409,0,No
Red Gram,17,Vegetative,24,63,409,0,Yes
Ragi,67,Grain/Pod Filling,24,65,409,0,No
Red Gram,87,Maturity,24,70,409,0,No
Groundnut,27,Vegetative,22,65,409,0,No
Red Gram,9,Germination,22,63,419,0,Yes
Red Gram,77,Grain/Pod Filling,24,67,419,0,No
Ragi,90,Grain/Pod Filling,24,66,419,0,No
Red Gram,73,Grain/Pod Filling,24,55,429,0,No
Red Gram,86,Maturity,23,55,429,0,No
Ragi,55,Flowering,23,54,429,0,Yes
Ragi,50,Flowering,23,53,429,0,Yes
Red Gram,44,Flowering,24,58,429,0,No
Groundnut,106,Maturity,25,58,429,0,No
Groundnut,36,Flowering,25,51,429,0,No
Red Gram,64,Grain/Pod Filling,25,55,439,0,No
Ragi,80,Grain/Pod Filling,26,57,439,0,No
Ragi,30,Vegetative,26,51,439,0,Yes
Groundnut,50,Flowering,26,45,439,0,No
Red Gram,16,Vegetative,25,42,439,0,Yes
Red Gram,6,Germination,24,35,439,0,Yes
Ragi,11,Vegetative,24,32,439,0,Yes
Ragi,16,Vegetative,25,38,439,0,Yes
Red Gram,50,Flowering,25,29,439,0,Yes
Ragi,37,Flowering,26,32,439,0,Yes
Groundnut,32,Vegetative,26,30,439,0,No
Groundnut,15,Vegetative,27,40,439,0,No
Groundnut,20,Vegetative,26,43,439,0,No
Groundnut,55,Flowering,28,38,439,0,No
Ragi,18,Vegetative,28,37,439,0,Yes
Groundnut,24,Vegetative,27,32,450,0,No
Groundnut,13,Vegetative,27,31,450,0,No
Red Gram,20,Vegetative,27,34,450,0,Yes
Groundnut,80,Grain/Pod Filling,27,34,450,0,No
Groundnut,51,Flowering,28,27,450,0,No
Ragi,24,Vegetative,27,28,450,0,Yes
Groundnut,38,Flowering,29,24,450,0,No
Red Gram,33,Flowering,29,39,450,0,Yes
Ragi,93,Maturity,27,58,450,0,Yes
Ragi,56,Flowering,27,59,450,1,Yes
Groundnut,51,Flowering,29,50,439,1,No
Groundnut,78,Grain/Pod Filling,28,58,439,4,No
Ragi,60,Flowering,29,55,439,0,No
Red Gram,5,Germination,30,42,439,0,Yes
Groundnut,46,Flowering,30,41,439,0,No
Ragi,59,Flowering,31,46,439,0,Yes
Ragi,97,Maturity,32,43,439,0,No
Groundnut,46,Flowering,32,41,450,0,Yes
Red Gram,28,Vegetative,30,41,439,1,Yes
Groundnut,70,Grain/Pod Filling,31,33,439,0,No
Red Gram,53,Flowering,31,27,450,0,Yes
Ragi,1,Germination,31,43,450,0,Yes
Red Gram,93,Maturity,30,39,450,0,No
Groundnut,36,Flowering,31,34,450,0,Yes
Red Gram,58,Grain/Pod Filling,31,30,450,0,Yes
Red Gram,90,Maturity,28,53,439,3,No
Ragi,28,Vegetative,28,52,439,1,Yes
Ragi,59,Flowering,30,52,439,3,No
Groundnut,33,Vegetative,25,76,378,15,No
Groundnut,105,Maturity,28,61,378,3,No
Red Gram,24,Vegetative,29,63,388,2,No
Groundnut,83,Grain/Pod Filling,27,65,388,4,No
Red Gram,54,Flowering,26,68,388,0,No
Red Gram,4,Germination,28,60,398,0,No
Ragi,43,Flowering,28,64,398,6,No
Red Gram,50,Flowering,30,55,398,0,No
Groundnut,82,Grain/Pod Filling,28,63,409,1,No
Red Gram,5,Germination,29,63,409,2,No
Groundnut,68,Grain/Pod Filling,29,63,409,0,No
Ragi,5,Germination,29,61,419,1,Yes
Ragi,53,Flowering,28,64,419,2,No
Red Gram,29,Flowering,29,62,419,1,No
Ragi,43,Flowering,29,67,419,4,No
Red Gram,12,Vegetative,25,81,388,23,No
Red Gram,6,Germination,27,69,378,1,No
Groundnut,99,Grain/Pod Filling,28,65,388,1,No
Groundnut,10,Germination,29,66,388,4,No
Ragi,59,Flowering,28,71,388,5,Yes
Ragi,41,Flowering,26,74,388,6,Yes
Ragi,88,Grain/Pod Filling,25,77,388,4,No
Groundnut,61,Flowering,26,75,388,1,No
Red Gram,16,Vegetative,27,72,388,1,Yes
Ragi,85,Grain/Pod Filling,26,79,388,1,No
Groundnut,24,Vegetative,26,80,388,21,No
Red Gram,62,Grain/Pod Filling,25,80,306,60,No
Groundnut,41,Flowering,23,87,255,14,No
Red Gram,73,Grain/Pod Filling,24,79,276,0,Yes
Groundnut,21,Vegetative,25,81,296,0,No
Ragi,39,Flowering,26,80,306,0,Yes
Groundnut,17,Vegetative,26,79,317,0,No
Red Gram,82,Grain/Pod Filling,26,77,327,1,Yes
Groundnut,14,Vegetative,25,77,337,0,No
Groundnut,53,Flowering,25,72,337,0,No
Ragi,37,Flowering,25,72,347,0,Yes
Groundnut,22,Vegetative,26,73,347,1,No
Ragi,35,Flowering,25,80,358,1,Yes
Groundnut,82,Grain/Pod Filling,24,87,337,10,No
Ragi,16,Vegetative,25,80,337,2,No
Groundnut,5,Germination,26,70,337,2,No
Groundnut,8,Germination,25,80,327,19,No
Ragi,45,Flowering,25,81,306,3,Yes
Ragi,8,Germination,25,80,317,0,No
Red Gram,62,Grain/Pod Filling,25,76,327,0,Yes
Groundnut,63,Flowering,25,75,337,0,No
Groundnut,91,Grain/Pod Filling,25,76,337,0,No
Groundnut,45,Flowering,25,73,347,0,No
Red Gram,34,Flowering,24,71,358,0,Yes
Groundnut,59,Flowering,25,79,337,2,No
Ragi,96,Maturity,24,77,337,4,Yes
Ragi,39,Flowering,24,80,337,4,Yes
Ragi,10,Germination,24,80,327,8,Yes
Red Gram,12,Vegetative,24,80,327,3,Yes
Groundnut,94,Grain/Pod Filling,24,79,327,2,No
Groundnut,38,Flowering,24,81,327,3,No
Groundnut,67,Grain/Pod Filling,23,84,327,2,No
Red Gram,68,Grain/Pod Filling,24,84,337,2,Yes
Red Gram,76,Grain/Pod Filling,24,79,337,0,Yes
Ragi,31,Flowering,24,79,347,0,Yes
Groundnut,108,Maturity,24,81,347,0,No
Red Gram,56,Flowering,24,80,347,2,Yes
Red Gram,91,Maturity,24,82,327,3,No
Ragi,27,Vegetative,24,80,337,2,Yes
Groundnut,95,Grain/Pod Filling,24,84,327,9,No
Groundnut,53,Flowering,24,82,317,10,No
Ragi,85,Grain/Pod Filling,23,86,306,5,No
Groundnut,77,Grain/Pod Filling,23,83,306,2,No
Ragi,37,Flowering,23,83,306,5,Yes
Ragi,20,Vegetative,23,83,306,4,Yes
Red Gram,39,Flowering,24,78,306,5,Yes
Red Gram,49,Flowering,24,81,306,5,Yes
Ragi,63,Grain/Pod Filling,23,84,306,1,No
Red Gram,85,Grain/Pod Filling,25,80,317,5,Yes
Groundnut,105,Maturity,24,81,317,0,No
Red Gram,12,Vegetative,23,82,317,0,Yes
Groundnut,23,Vegetative,24,80,327,0,No
Red Gram,36,Flowering,24,80,327,1,Yes
Groundnut,10,Germination,23,84,327,4,No
Ragi,8,Germination,25,80,317,9,No
Red Gram,8,Germination,25,79,296,14,No
Red Gram,19,Vegetative,24,82,296,6,Yes
Groundnut,35,Flowering,24,89,245,21,No
Groundnut,68,Grain/Pod Filling,24,85,235,14,No
Ragi,78,Grain/Pod Filling,23,87,235,9,No
Groundnut,40,Flowering,24,83,245,4,No
Ragi,15,Vegetative,23,85,245,11,Yes
Red Gram,47,Flowering,23,81,235,3,Yes
Red Gram,77,Grain/Pod Filling,23,80,265,0,Yes
Red Gram,16,Vegetative,22,82,265,0,Yes
Ragi,19,Vegetative,24,79,276,0,Yes
Red Gram,46,Flowering,24,80,286,0,Yes
Red Gram,45,Flowering,23,85,265,51,No
Ragi,1,Germination,23,83,214,18,Yes
Groundnut,62,Flowering,23,84,235,1,No
Groundnut,37,Flowering,24,84,245,2,No
Ragi,47,Flowering,24,83,245,3,Yes
Ragi,70,Grain/Pod Filling,23,87,235,9,No
Groundnut,96,Grain/Pod Filling,23,87,225,16,No
Red Gram,15,Vegetative,23,90,194,39,No
Ragi,14,Vegetative,24,86,184,1,Yes
Ragi,61,Grain/Pod Filling,25,81,204,2,No
Groundnut,90,Grain/Pod Filling,25,82,194,8,No
Groundnut,17,Vegetative,26,80,204,2,No
Red Gram,56,Flowering,24,87,163,23,No
Ragi,13,Vegetative,24,87,132,38,Yes
Groundnut,101,Maturity,23,88,132,2,No
Groundnut,75,Grain/Pod Filling,23,89,143,1,No
Groundnut,24,Vegetative,23,87,153,1,No
Ragi,83,Grain/Pod Filling,23,85,173,0,No
Ragi,50,Flowering,23,85,173,1,Yes
Red Gram,6,Germination,23,87,173,1,Yes
Groundnut,59,Flowering,23,85,184,0,No
Red Gram,86,Maturity,23,85,184,0,No
Groundnut,79,Grain/Pod Filling,24,85,194,0,No
Red Gram,70,Grain/Pod Filling,23,85,194,0,Yes
Groundnut,46,Flowering,23,84,204,1,No
Groundnut,21,Vegetative,22,82,214,0,No
Ragi,77,Grain/Pod Filling,22,85,214,2,No
Ragi,36,Flowering,24,85,225,5,Yes
Groundnut,2,Germination,23,83,225,0,No
Red Gram,42,Flowering,23,84,235,2,Yes
Groundnut,25,Vegetative,23,85,235,2,No
Groundnut,81,Grain/Pod Filling,23,87,225,12,No
Groundnut,30,Vegetative,22,91,204,15,No
Ragi,65,Grain/Pod Filling,23,87,204,1,No
Ragi,26,Vegetative,23,85,214,0,Yes
Ragi,20,Vegetative,23,85,214,1,Yes
Groundnut,4,Germination,23,86,225,4,No
Groundnut,59,Flowering,22,90,214,7,No
Red Gram,68,Grain/Pod Filling,23,85,214,0,Yes
Groundnut,65,Flowering,23,81,225,0,No
Red Gram,9,Germination,23,88,225,10,No
Ragi,12,Vegetative,24,88,214,5,Yes
Ragi,26,Vegetative,22,90,204,11,Yes
Ragi,44,Flowering,24,86,173,14,Yes
Groundnut,14,Vegetative,23,88,173,7,No
Red Gram,75,Grain/Pod Filling,24,87,173,6,Yes
Red Gram,74,Grain/Pod Filling,24,89,173,6,Yes
Ragi,26,Vegetative,24,85,173,3,Yes
Ragi,98,Maturity,24,84,173,12,No
Red Gram,62,Grain/Pod Filling,21,79,184,0,Yes
Groundnut,74,Grain/Pod Filling,20,72,214,0,No
Groundnut,41,Flowering,20,75,214,0,No
Ragi,46,Flowering,22,83,225,0,Yes
Groundnut,71,Grain/Pod Filling,21,80,235,0,No
Red Gram,35,Flowering,21,86,235,2,Yes
Red Gram,82,Grain/Pod Filling,21,89,235,6,Yes
Ragi,80,Grain/Pod Filling,22,83,235,1,No
Ragi,100,Maturity,22,81,245,0,Yes
Groundnut,45,Flowering,22,84,245,0,No
Ragi,53,Flowering,22,83,255,0,Yes
Ragi,66,Grain/Pod Filling,21,80,255,0,No
Red Gram,60,Grain/Pod Filling,21,78,265,0,Yes
Groundnut,5,Germination,21,81,265,0,No
Ragi,63,Grain/Pod Filling,21,90,276,3,No
Ragi,96,Maturity,23,86,265,0,Yes
Red Gram,64,Grain/Pod Filling,22,82,276,0,Yes
Ragi,83,Grain/Pod Filling,20,70,286,0,No
Groundnut,60,Flowering,19,69,286,0,No
Groundnut,8,Germination,18,73,296,0,No
Groundnut,9,Germination,18,71,296,0,No
Ragi,55,Flowering,19,77,296,0,Yes
Ragi,15,Vegetative,21,87,306,1,Yes
Groundnut,108,Maturity,23,85,306,1,No
Ragi,53,Flowering,23,80,306,0,Yes
Groundnut,24,Vegetative,23,81,317,0,No
Groundnut,20,Vegetative,24,79,317,1,No
Red Gram,19,Vegetative,23,78,317,0,Yes
Ragi,3,Germination,20,73,327,0,Yes
Ragi,5,Germination,23,82,337,0,Yes
Red Gram,62,Grain/Pod Filling,23,80,337,0,Yes
Ragi,100,Maturity,20,72,358,2,Yes
Ragi,84,Grain/Pod Filling,21,93,306,6,No
Red Gram,5,Germination,22,86,306,5,Yes
Red Gram,38,Flowering,22,82,306,0,Yes
Groundnut,76,Grain/Pod Filling,22,76,317,0,No
Ragi,72,Grain/Pod Filling,21,72,327,0,No
Ragi,90,Grain/Pod Filling,21,78,337,0,No
Red Gram,4,Germination,20,80,347,0,Yes
Groundnut,2,Germination,19,72,347,0,No
Ragi,14,Vegetative,19,72,347,0,Yes
Ragi,64,Grain/Pod Filling,20,71,358,0,No
Groundnut,75,Grain/Pod Filling,21,74,358,0,No
Groundnut,57,Flowering,22,81,368,1,No
Ragi,68,Grain/Pod Filling,23,79,368,0,No
Groundnut,4,Germination,24,77,368,0,No
Red Gram,14,Vegetative,22,67,378,0,Yes
Ragi,100,Maturity,21,63,388,0,Yes
Groundnut,34,Flowering,21,67,388,0,No
Groundnut,20,Vegetative,21,74,398,0,No
Ragi,21,Vegetative,21,69,398,0,Yes
Red Gram,22,Vegetative,19,59,398,0,Yes
Red Gram,80,Grain/Pod Filling,19,61,398,0,Yes
Red Gram,30,Flowering,19,60,398,0,Yes
Ragi,51,Flowering,20,53,409,0,Yes
Ragi,21,Vegetative,21,52,409,0,Yes
Ragi,33,Flowering,20,56,409,0,Yes
Red Gram,3,Germination,20,51,409,0,Yes
Groundnut,32,Vegetative,21,50,409,0,No
Ragi,16,Vegetative,20,59,419,0,Yes
Groundnut,6,Germination,20,58,419,0,No
Ragi,79,Grain/Pod Filling,21,66,419,0,No
Ragi,30,Vegetative,24,69,429,0,Yes
Ragi,40,Flowering,23,61,429,0,Yes
Red Gram,66,Grain/Pod Filling,22,55,429,0,No
Ragi,90,Grain/Pod Filling,21,51,429,0,No
Red Gram,58,Grain/Pod Filling,22,53,429,0,No
Red Gram,52,Flowering,24,60,429,0,No
Ragi,78,Grain/Pod Filling,25,49,439,0,No
Red Gram,4,Germination,25,51,439,0,No
Groundnut,91,Grain/Pod Filling,25,50,439,0,No
Red Gram,10,Vegetative,26,44,439,0,Yes
Groundnut,63,Flowering,25,47,439,0,No
Ragi,17,Vegetative,25,39,439,0,Yes
Groundnut,50,Flowering,24,34,439,0,No
Groundnut,82,Grain/Pod Filling,24,29,439,0,No
Ragi,60,Flowering,24,34,439,0,Yes
Red Gram,83,Grain/Pod Filling,24,38,439,0,Yes
Ragi,71,Grain/Pod Filling,26,32,439,0,No
Red Gram,57,Flowering,25,26,450,0,Yes
Red Gram,38,Flowering,25,30,450,0,Yes
Ragi,86,Grain/Pod Filling,25,34,450,0,No
Groundnut,73,Grain/Pod Filling,25,27,450,0,No
Red Gram,44,Flowering,26,32,450,0,Yes
Ragi,30,Vegetative,25,31,450,0,Yes
Groundnut,53,Flowering,26,30,450,0,No
Groundnut,55,Flowering,26,26,450,0,No
Ragi,56,Flowering,25,33,450,0,Yes
Red Gram,85,Grain/Pod Filling,25,34,450,0,Yes
Ragi,31,Flowering,27,36,450,0,Yes
Ragi,24,Vegetative,28,32,450,0,Yes
Ragi,4,Germination,28,48,439,1,Yes
Ragi,58,Flowering,26,56,439,0,Yes
Groundnut,57,Flowering,25,50,439,0,No
Ragi,47,Flowering,27,50,439,0,Yes
Ragi,38,Flowering,28,48,450,0,Yes
Groundnut,10,Germination,29,45,450,0,No
Groundnut,29,Vegetative,29,41,450,0,No
Ragi,81,Grain/Pod Filling,28,41,450,0,No
Red Gram,87,Maturity,29,43,450,0,No
Red Gram,66,Grain/Pod Filling,30,41,450,0,Yes
Groundnut,79,Grain/Pod Filling,28,51,450,0,No
Ragi,17,Vegetative,28,49,450,0,Yes
Red Gram,36,Flowering,28,42,450,0,Yes
Ragi,32,Flowering,28,43,450,0,Yes
Groundnut,53,Flowering,29,47,450,0,No
Groundnut,36,Flowering,30,41,450,1,No
Ragi,79,Grain/Pod Filling,30,46,450,1,No
Ragi,43,Flowering,30,35,450,0,Yes
Groundnut,107,Maturity,30,33,450,0,No
Ragi,45,Flowering,30,28,450,0,Yes
Ragi,76,Grain/Pod Filling,29,23,450,0,No
Groundnut,83,Grain/Pod Filling,30,25,450,0,No
Red Gram,9,Germination,30,34,450,0,Yes
Ragi,40,Flowering,29,28,450,0,Yes
Ragi,100,Maturity,29,26,450,0,Yes
Groundnut,37,Flowering,30,50,450,1,No
Ragi,88,Grain/Pod Filling,31,44,450,0,No
Ragi,18,Vegetative,30,48,450,2,Yes
Groundnut,14,Vegetative,28,58,439,2,No
Ragi,66,Grain/Pod Filling,30,54,439,0,No
Red Gram,94,Maturity,30,49,439,1,No
Ragi,40,Flowering,28,64,409,3,No
Ragi,36,Flowering,28,63,419,0,No
Red Gram,32,Flowering,27,63,419,1,No
Red Gram,74,Grain/Pod Filling,28,63,419,3,No
Red Gram,39,Flowering,27,64,419,10,No
Groundnut,93,Grain/Pod Filling,26,70,409,5,No
Groundnut,54,Flowering,26,73,409,3,No
Ragi,68,Grain/Pod Filling,28,69,409,1,No
Red Gram,9,Germination,29,66,409,0,No
Ragi,72,Grain/Pod Filling,29,62,429,0,No
Red Gram,90,Maturity,29,58,429,0,No
Red Gram,89,Maturity,30,55,429,0,No
Ragi,52,Flowering,31,45,439,0,Yes
Ragi,77,Grain/Pod Filling,31,51,439,1,No
Red Gram,10,Vegetative,30,56,429,2,No
Ragi,98,Maturity,29,57,429,1,Yes
Groundnut,20,Vegetative,28,65,419,4,No
Ragi,42,Flowering,28,61,419,0,No
Ragi,36,Flowering,28,64,429,0,No
Ragi,38,Flowering,29,60,429,3,No
Ragi,24,Vegetative,27,69,419,3,No
Ragi,73,Grain/Pod Filling,26,74,419,1,No
Groundnut,20,Vegetative,28,65,419,0,No
Groundnut,82,Grain/Pod Filling,29,62,429,0,No
Red Gram,9,Germination,28,65,439,0,No
Ragi,77,Grain/Pod Filling,28,64,439,0,No
Groundnut,30,Vegetative,28,67,439,2,No
Red Gram,38,Flowering,27,67,429,2,No
Ragi,72,Grain/Pod Filling,28,65,429,0,No
Red Gram,79,Grain/Pod Filling,27,65,439,0,No
Red Gram,86,Maturity,27,68,439,3,No
Ragi,84,Grain/Pod Filling,27,67,429,0,No
Groundnut,39,Flowering,28,67,439,0,No
Groundnut,11,Germination,28,66,439,1,No
Groundnut,23,Vegetative,27,70,439,0,No
Red Gram,24,Vegetative,26,69,439,0,Yes
Red Gram,5,Germination,26,68,439,3,No
Ragi,25,Vegetative,25,72,429,2,No
Groundnut,45,Flowering,25,77,429,2,No
Groundnut,25,Vegetative,24,77,429,4,No
Groundnut,47,Flowering,25,70,419,0,No
Red Gram,4,Germination,25,70,429,1,No
Red Gram,77,Grain/Pod Filling,25,68,429,1,No
Ragi,73,Grain/Pod Filling,24,77,429,7,No
Ragi,65,Grain/Pod Filling,25,72,419,2,No
Red Gram,3,Germination,25,73,419,5,Yes
Groundnut,12,Vegetative,25,80,409,3,No
Red Gram,3,Germination,25,81,409,4,Yes
Ragi,16,Vegetative,25,83,398,6,Yes
Ragi,68,Grain/Pod Filling,25,76,398,3,No
Red Gram,35,Flowering,25,79,398,6,Yes
Groundnut,37,Flowering,24,81,388,6,No
Ragi,70,Grain/Pod Filling,24,73,388,2,No
Red Gram,1,Germination,24,75,388,4,Yes
Ragi,47,Flowering,25,76,398,1,Yes
Red Gram,18,Vegetative,25,77,388,14,No
Groundnut,27,Vegetative,25,78,378,2,No
Red Gram,50,Flowering,25,79,378,2,Yes
Ragi,95,Maturity,24,80,378,3,Yes
Ragi,16,Vegetative,25,79,378,5,No
Ragi,39,Flowering,24,77,378,7,Yes
Groundnut,63,Flowering,24,78,368,9,No
Red Gram,86,Maturity,23,83,347,12,No
Red Gram,24,Vegetative,23,84,347,10,No
Groundnut,34,Flowering,23,86,337,10,No
Groundnut,101,Maturity,22,86,327,4,No
Groundnut,81,Grain/Pod Filling,24,80,337,1,No
Groundnut,73,Grain/Pod Filling,24,79,347,1,No
Groundnut,40,Flowering,25,79,347,0,No
Red Gram,95,Maturity,25,78,358,0,No
Ragi,86,Grain/Pod Filling,25,77,368,0,No
Red Gram,23,Vegetative,24,79,378,0,Yes
Ragi,5,Germination,25,75,388,0,No
Groundnut,98,Grain/Pod Filling,25,75,388,0,No
Groundnut,74,Grain/Pod Filling,25,76,388,1,No
Red Gram,5,Germination,25,75,388,2,Yes
Ragi,26,Vegetative,25,75,388,0,No
Ragi,70,Grain/Pod Filling,25,75,388,0,No
Groundnut,46,Flowering,25,74,398,0,No
Ragi,45,Flowering,25,70,398,0,Yes
Ragi,79,Grain/Pod Filling,25,74,409,0,No
Ragi,47,Flowering,24,78,409,1,Yes
Groundnut,38,Flowering,25,78,409,5,No
Groundnut,50,Flowering,26,72,409,0,No
Ragi,27,Vegetative,26,69,409,0,No
Ragi,32,Flowering,26,72,419,0,Yes
Ragi,45,Flowering,26,71,419,0,Yes
Groundnut,102,Maturity,26,72,419,1,No
Red Gram,9,Germination,26,71,419,2,Yes
Red Gram,88,Maturity,26,71,419,0,No
Ragi,15,Vegetative,25,82,398,20,Yes
Red Gram,1,Germination,24,84,358,13,No
Groundnut,10,Germination,23,80,358,2,No
Ragi,45,Flowering,22,79,358,7,Yes
Ragi,19,Vegetative,24,80,358,1,Yes
Groundnut,13,Vegetative,25,79,358,0,No
Red Gram,72,Grain/Pod Filling,24,80,368,1,Yes
Groundnut,18,Vegetative,25,78,368,0,No
Red Gram,27,Vegetative,25,77,378,0,Yes
Ragi,81,Grain/Pod Filling,25,76,388,1,No
Red Gram,36,Flowering,25,77,388,2,Yes
Ragi,77,Grain/Pod Filling,25,78,388,3,No
Red Gram,76,Grain/Pod Filling,25,77,388,1,Yes
Groundnut,40,Flowering,25,76,388,2,No
Groundnut,1,Germination,25,74,398,1,No
Red Gram,82,Grain/Pod Filling,24,81,398,1,Yes
Red Gram,93,Maturity,25,78,398,0,No
Red Gram,14,Vegetative,24,84,388,10,No
Red Gram,66,Grain/Pod Filling,23,85,368,5,Yes
Red Gram,95,Maturity,24,78,368,0,No
Red Gram,8,Germination,24,75,378,2,Yes
Ragi,64,Grain/Pod Filling,25,80,378,1,No
Ragi,84,Grain/Pod Filling,25,77,388,1,No
Groundnut,46,Flowering,25,76,388,0,No
Ragi,84,Grain/Pod Filling,25,77,398,0,No
Ragi,83,Grain/Pod Filling,25,75,398,0,No
Red Gram,82,Grain/Pod Filling,26,72,409,0,Yes
Ragi,55,Flowering,27,71,409,0,Yes
Red Gram,39,Flowering,27,72,398,0,Yes
Ragi,11,Vegetative,26,69,419,0,No
Groundnut,63,Flowering,26,69,419,1,No
Red Gram,3,Germination,26,61,419,0,No
Red Gram,68,Grain/Pod Filling,26,60,429,0,No
Groundnut,4,Germination,27,61,429,0,No
Ragi,54,Flowering,27,58,429,0,Yes
Groundnut,26,Vegetative,26,47,429,0,No
Groundnut,97,Grain/Pod Filling,25,45,429,0,No
Ragi,36,Flowering,25,45,429,0,Yes
Groundnut,60,Flowering,24,44,429,0,No
Red Gram,21,Vegetative,25,51,429,0,Yes
Red Gram,56,Flowering,26,63,439,0,No
Red Gram,28,Vegetative,27,64,439,0,Yes
Red Gram,27,Vegetative,25,70,439,0,Yes
Red Gram,18,Vegetative,26,63,429,0,Yes
Red Gram,95,Maturity,26,73,429,14,No
Red Gram,38,Flowering,24,80,398,12,No
Groundnut,38,Flowering,24,82,368,18,No
Red Gram,25,Vegetative,24,80,337,10,No
Groundnut,100,Maturity,24,75,358,0,No
Groundnut,27,Vegetative,24,67,368,0,No
Red Gram,84,Grain/Pod Filling,23,69,378,0,No
Ragi,65,Grain/Pod Filling,22,73,388,0,No
Groundnut,69,Grain/Pod Filling,23,69,388,0,No
Groundnut,101,Maturity,24,66,388,0,No
Groundnut,64,Flowering,25,67,398,0,No
Groundnut,74,Grain/Pod Filling,25,66,398,0,No
Groundnut,106,Maturity,25,69,409,0,No
Red Gram,30,Flowering,24,65,409,0,No
Ragi,24,Vegetative,25,73,409,0,No
Groundnut,34,Flowering,25,76,409,1,No
Ragi,80,Grain/Pod Filling,25,74,409,0,No
Red Gram,88,Maturity,24,77,419,0,No
Red Gram,58,Grain/Pod Filling,24,68,419,0,No
Groundnut,9,Germination,25,70,419,0,No
Ragi,3,Germination,25,74,419,0,No
Ragi,47,Flowering,25,69,419,0,Yes
Red Gram,49,Flowering,25,73,429,0,Yes
Ragi,4,Germination,25,70,429,0,No
Red Gram,88,Maturity,24,68,429,0,No
Ragi,70,Grain/Pod Filling,25,66,429,0,No
Ragi,68,Grain/Pod Filling,25,70,429,0,No
Groundnut,3,Germination,25,75,429,2,No
Groundnut,11,Germination,24,69,429,0,No
Ragi,47,Flowering,24,66,429,1,Yes
Groundnut,61,Flowering,23,63,429,0,No
Groundnut,13,Vegetative,22,62,429,0,No
Groundnut,105,Maturity,21,61,429,0,No
Red Gram,54,Flowering,23,67,429,0,No
Ragi,61,Grain/Pod Filling,25,70,429,0,No
Ragi,78,Grain/Pod Filling,25,65,439,0,No
Red Gram,87,Maturity,23,69,439,0,No
Ragi,72,Grain/Pod Filling,23,61,439,0,No
Groundnut,71,Grain/Pod Filling,23,61,439,0,No
Red Gram,76,Grain/Pod Filling,24,60,439,0,No
Ragi,84,Grain/Pod Filling,22,61,439,0,No
Groundnut,2,Germination,21,54,439,0,No
Groundnut,98,Grain/Pod Filling,22,58,439,0,No
Red Gram,25,Vegetative,24,59,439,0,Yes
Groundnut,20,Vegetative,23,54,439,0,No
Ragi,62,Grain/Pod Filling,24,53,439,0,No
Red Gram,83,Grain/Pod Filling,23,52,439,0,No
Ragi,54,Flowering,24,54,439,0,Yes
Red Gram,24,Vegetative,22,71,439,2,Yes
Ragi,86,Grain/Pod Filling,24,66,439,5,No
Red Gram,8,Germination,23,61,419,1,Yes
Ragi,74,Grain/Pod Filling,23,70,419,1,No
Red Gram,76,Grain/Pod Filling,24,70,429,1,No
Red Gram,92,Maturity,24,51,429,0,No
Ragi,90,Grain/Pod Filling,24,55,429,0,No
Groundnut,3,Germination,25,58,429,0,No
Ragi,92,Maturity,24,56,439,0,Yes
Groundnut,90,Grain/Pod Filling,24,49,439,0,No
Groundnut,33,Vegetative,25,57,439,0,No
Red Gram,95,Maturity,25,55,439,0,No
Ragi,60,Flowering,25,56,439,0,Yes
Red Gram,12,Vegetative,26,55,439,0,Yes
Red Gram,21,Vegetative,25,48,439,0,Yes
Red Gram,82,Grain/Pod Filling,24,53,439,0,No
Groundnut,1,Germination,24,52,450,0,No
Ragi,37,Flowering,24,50,450,0,Yes
Groundnut,31,Vegetative,24,45,450,0,No
Red Gram,81,Grain/Pod Filling,24,59,450,0,No
Red Gram,28,Vegetative,25,55,450,0,Yes
Ragi,35,Flowering,27,51,450,0,Yes
Red Gram,91,Maturity,27,46,450,0,No
Red Gram,27,Vegetative,26,36,450,0,Yes
Red Gram,33,Flowering,27,34,450,0,Yes
Ragi,29,Vegetative,27,35,450,0,Yes
Groundnut,77,Grain/Pod Filling,26,40,450,0,No
Groundnut,86,Grain/Pod Filling,26,35,450,0,No
Groundnut,8,Germination,26,36,450,0,No
Ragi,38,Flowering,26,47,450,0,Yes
Ragi,33,Flowering,27,38,450,0,Yes
Red Gram,36,Flowering,26,33,450,0,Yes
Groundnut,90,Grain/Pod Filling,26,33,450,0,No
Ragi,97,Maturity,28,40,450,0,No
Ragi,58,Flowering,27,46,450,0,Yes
Ragi,69,Grain/Pod Filling,26,54,450,0,No
Ragi,64,Grain/Pod Filling,28,51,450,0,No
Red Gram,41,Flowering,28,41,450,0,Yes
Ragi,15,Vegetative,28,41,450,0,Yes
Groundnut,4,Germination,28,31,450,0,No
Ragi,45,Flowering,28,32,450,0,Yes
Groundnut,14,Vegetative,28,36,450,0,No
Groundnut,63,Flowering,28,51,450,0,No
Red Gram,64,Grain/Pod Filling,30,40,450,0,Yes
Red Gram,63,Grain/Pod Filling,29,39,450,0,Yes
Ragi,34,Flowering,29,28,450,0,Yes
Groundnut,87,Grain/Pod Filling,31,37,450,0,No
Red Gram,59,Grain/Pod Filling,31,37,450,0,Yes
Groundnut,90,Grain/Pod Filling,31,35,450,0,No
Red Gram,32,Flowering,30,43,450,0,Yes
Groundnut,12,Vegetative,30,41,450,0,No
Red Gram,43,Flowering,30,37,450,0,Yes
Ragi,4,Germination,30,39,450,0,Yes
Ragi,17,Vegetative,31,32,450,0,Yes
Ragi,38,Flowering,31,28,450,0,Yes
Red Gram,47,Flowering,30,38,450,0,Yes
Ragi,45,Flowering,30,34,450,0,Yes
Red Gram,20,Vegetative,31,31,450,0,Yes
Red Gram,80,Grain/Pod Filling,31,27,450,0,Yes
Groundnut,57,Flowering,31,27,450,0,Yes
Red Gram,18,Vegetative,31,24,450,0,Yes
Red Gram,1,Germination,31,21,450,0,Yes
Red Gram,90,Maturity,31,33,450,0,No
Groundnut,65,Flowering,30,27,450,0,No
Red Gram,62,Grain/Pod Filling,30,23,450,0,Yes
Ragi,31,Flowering,31,29,450,0,Yes
Ragi,78,Grain/Pod Filling,31,36,450,0,No
Ragi,52,Flowering,32,30,450,0,Yes
Ragi,23,Vegetative,32,27,450,0,Yes
Groundnut,29,Vegetative,32,37,450,0,No
Red Gram,52,Flowering,32,37,450,0,Yes
Ragi,68,Grain/Pod Filling,32,31,450,0,No
Red Gram,92,Maturity,32,33,450,0,No
Red Gram,38,Flowering,32,36,450,0,Yes
Groundnut,71,Grain/Pod Filling,31,43,450,5,No
Red Gram,5,Germination,31,44,439,0,Yes
Groundnut,41,Flowering,32,32,450,0,Yes
Ragi,93,Maturity,32,42,450,0,No
Groundnut,84,Grain/Pod Filling,30,55,450,1,No
Ragi,75,Grain/Pod Filling,30,50,439,0,No
Red Gram,34,Flowering,30,52,439,1,No
Ragi,5,Germination,31,43,439,0,Yes
Ragi,5,Germination,32,35,450,0,Yes
Ragi,31,Flowering,32,32,450,0,Yes
Red Gram,38,Flowering,33,35,450,0,Yes
Red Gram,51,Flowering,33,28,450,0,Yes
Groundnut,110,Maturity,33,42,450,0,No
Groundnut,37,Flowering,32,46,450,1,Yes
Ragi,78,Grain/Pod Filling,31,47,450,0,No
Ragi,82,Grain/Pod Filling,31,54,450,6,No
Groundnut,4,Germination,31,54,429,2,No
Red Gram,87,Maturity,31,52,439,1,No
Groundnut,67,Grain/Pod Filling,31,53,439,2,No
Groundnut,99,Grain/Pod Filling,30,58,429,3,No
Red Gram,55,Flowering,28,67,409,14,No
Groundnut,90,Grain/Pod Filling,29,63,409,1,No
Red Gram,44,Flowering,28,63,419,7,No
Red Gram,11,Vegetative,27,71,398,14,No
Red Gram,22,Vegetative,26,82,368,21,No
Ragi,31,Flowering,27,73,306,5,Yes
Red Gram,60,Grain/Pod Filling,29,69,347,0,No
Ragi,96,Maturity,27,79,358,9,Yes
Groundnut,41,Flowering,25,79,327,0,No
Groundnut,55,Flowering,26,75,347,0,No
Ragi,80,Grain/Pod Filling,26,77,358,0,No
Groundnut,50,Flowering,27,74,358,0,No
Red Gram,38,Flowering,28,74,368,0,Yes
Red Gram,57,Flowering,27,81,368,6,Yes
Red Gram,30,Flowering,27,79,337,20,No
Groundnut,92,Grain/Pod Filling,26,80,317,16,No
Ragi,56,Flowering,25,84,317,1,Yes
Groundnut,85,Grain/Pod Filling,26,83,327,3,No
Red Gram,94,Maturity,26,79,327,10,No
Groundnut,39,Flowering,25,78,317,6,No
Groundnut,78,Grain/Pod Filling,25,80,317,4,No
Ragi,60,Flowering,24,76,317,3,Yes
Red Gram,65,Grain/Pod Filling,23,78,327,2,Yes
Ragi,58,Flowering,23,77,327,3,Yes
Ragi,18,Vegetative,24,74,327,0,Yes
Ragi,29,Vegetative,25,76,347,2,No
Groundnut,89,Grain/Pod Filling,25,72,358,0,No
Ragi,94,Maturity,26,74,358,1,Yes
Groundnut,86,Grain/Pod Filling,25,75,358,1,No
Ragi,68,Grain/Pod Filling,25,73,358,0,No
Red Gram,14,Vegetative,24,74,368,0,Yes
Groundnut,61,Flowering,23,73,368,1,No
Red Gram,56,Flowering,25,71,368,0,Yes
Ragi,35,Flowering,25,76,368,1,Yes
Groundnut,102,Maturity,24,76,368,11,No
Ragi,89,Grain/Pod Filling,24,77,358,6,No
Ragi,22,Vegetative,25,76,358,0,No
Red Gram,11,Vegetative,25,80,358,2,Yes
Ragi,12,Vegetative,25,77,358,2,No
Ragi,38,Flowering,23,79,358,9,Yes
Ragi,28,Vegetative,25,79,347,3,No
Red Gram,73,Grain/Pod Filling,24,78,347,3,Yes
Groundnut,21,Vegetative,23,81,347,6,No
Groundnut,58,Flowering,24,80,347,2,No
Ragi,78,Grain/Pod Filling,23,78,347,1,No
Red Gram,89,Maturity,24,82,347,4,No
Red Gram,13,Vegetative,24,83,347,4,Yes
Ragi,40,Flowering,24,87,337,8,Yes
Groundnut,31,Vegetative,24,85,327,9,No
Ragi,34,Flowering,25,83,317,6,Yes
Groundnut,2,Germination,24,86,317,9,No
Groundnut,49,Flowering,24,84,306,2,No
Groundnut,107,Maturity,24,80,317,2,No
Red Gram,22,Vegetative,24,81,317,6,Yes
Groundnut,102,Maturity,24,79,317,4,No
Groundnut,58,Flowering,24,80,317,4,No
Ragi,90,Grain/Pod Filling,24,80,317,7,No
Groundnut,60,Flowering,24,79,317,1,No
Ragi,8,Germination,25,80,327,0,No
Ragi,20,Vegetative,25,78,327,3,No
Red Gram,56,Flowering,24,84,327,4,Yes
Red Gram,78,Grain/Pod Filling,23,83,327,2,Yes
Red Gram,35,Flowering,23,84,327,1,Yes
Red Gram,80,Grain/Pod Filling,24,81,327,4,Yes
Red Gram,49,Flowering,24,82,327,2,Yes
Groundnut,96,Grain/Pod Filling,24,85,327,2,No
Red Gram,91,Maturity,25,81,306,3,No
Ragi,18,Vegetative,24,83,306,0,Yes
Groundnut,56,Flowering,24,85,317,4,No
Red Gram,12,Vegetative,25,81,306,7,Yes
Ragi,18,Vegetative,26,80,265,27,No
Red Gram,13,Vegetative,26,83,245,17,No
Red Gram,92,Maturity,26,84,235,15,No
Red Gram,55,Flowering,26,79,235,15,No
Groundnut,10,Germination,26,79,214,17,No
Groundnut,89,Grain/Pod Filling,26,81,204,36,No
Red Gram,63,Grain/Pod Filling,24,85,184,0,Yes
Ragi,59,Flowering,24,85,204,0,Yes
Ragi,80,Grain/Pod Filling,24,84,214,1,No
Red Gram,18,Vegetative,24,85,214,1,Yes
Red Gram,79,Grain/Pod Filling,24,84,225,1,Yes
Groundnut,57,Flowering,24,85,225,2,No
Ragi,6,Germination,24,88,225,4,Yes
Red Gram,7,Germination,23,90,225,4,Yes
Ragi,11,Vegetative,23,83,225,1,Yes
Groundnut,23,Vegetative,24,84,235,1,No
Groundnut,36,Flowering,24,87,235,5,No
Ragi,70,Grain/Pod Filling,24,85,235,4,No
Groundnut,105,Maturity,24,87,235,1,No
Red Gram,32,Flowering,24,87,245,2,Yes
Ragi,64,Grain/Pod Filling,24,87,245,4,No
Red Gram,69,Grain/Pod Filling,24,87,235,2,Yes
Groundnut,15,Vegetative,24,86,235,4,No
Ragi,90,Grain/Pod Filling,24,84,245,2,No
Ragi,16,Vegetative,23,85,245,1,Yes
Red Gram,61,Grain/Pod Filling,24,83,255,0,Yes
Red Gram,20,Vegetative,24,82,265,0,Yes
Ragi,62,Grain/Pod Filling,24,83,276,1,No
Red Gram,73,Grain/Pod Filling,24,79,286,0,Yes
Red Gram,94,Maturity,24,78,286,0,No
Groundnut,20,Vegetative,24,81,296,0,No
Groundnut,100,Maturity,24,84,296,12,No
Groundnut,48,Flowering,23,92,255,27,No
Red Gram,82,Grain/Pod Filling,24,88,245,1,Yes
Ragi,100,Maturity,23,84,255,1,Yes
Groundnut,2,Germination,23,85,265,0,No
Ragi,55,Flowering,24,84,276,1,Yes
Red Gram,26,Vegetative,25,84,265,17,No
Ragi,13,Vegetative,26,82,276,2,Yes
Groundnut,23,Vegetative,24,87,276,6,No
Red Gram,37,Flowering,24,87,265,6,Yes
Ragi,83,Grain/Pod Filling,23,89,255,8,No
Ragi,84,Grain/Pod Filling,23,87,255,1,No
Red Gram,55,Flowering,24,79,265,0,Yes
Red Gram,62,Grain/Pod Filling,25,83,255,7,Yes
Red Gram,9,Germination,24,87,255,4,Yes
Groundnut,77,Grain/Pod Filling,24,89,184,4,No
Red Gram,21,Vegetative,23,88,194,10,No
Ragi,30,Vegetative,23,89,194,6,Yes
Ragi,54,Flowering,24,88,184,23,Yes
Ragi,13,Vegetative,24,87,153,24,Yes
Ragi,32,Flowering,24,86,153,6,Yes
Red Gram,52,Flowering,24,82,163,0,Yes
Groundnut,107,Maturity,23,81,184,0,No
Ragi,67,Grain/Pod Filling,23,83,184,0,No
Red Gram,86,Maturity,23,83,194,0,No
Red Gram,27,Vegetative,24,84,204,0,Yes
Red Gram,41,Flowering,24,84,214,2,Yes
Groundnut,31,Vegetative,24,85,214,1,No
Ragi,80,Grain/Pod Filling,23,83,214,0,No
Ragi,58,Flowering,23,83,245,0,Yes
Red Gram,18,Vegetative,23,84,245,0,Yes
Ragi,90,Grain/Pod Filling,23,83,255,0,No
Groundnut,48,Flowering,22,79,265,0,No
Groundnut,63,Flowering,21,83,265,0,No
Ragi,71,Grain/Pod Filling,23,85,276,0,No
Ragi,47,Flowering,24,86,276,3,Yes
Red Gram,76,Grain/Pod Filling,24,86,276,3,Yes
Groundnut,91,Grain/Pod Filling,23,85,276,0,No
Ragi,1,Germination,23,84,286,0,Yes
Red Gram,3,Germination,23,82,286,0,Yes
Red Gram,52,Flowering,21,79,296,0,Yes
Groundnut,43,Flowering,21,79,296,0,No
Red Gram,57,Flowering,21,79,306,0,Yes
Groundnut,75,Grain/Pod Filling,22,83,317,0,No
Red Gram,20,Vegetative,22,81,317,0,Yes
Red Gram,88,Maturity,21,77,327,0,No
Groundnut,44,Flowering,23,84,327,0,No
Red Gram,88,Maturity,23,89,327,4,No
Groundnut,69,Grain/Pod Filling,22,94,276,16,No
Groundnut,21,Vegetative,24,83,286,1,No
Red Gram,74,Grain/Pod Filling,24,80,296,0,Yes
Red Gram,26,Vegetative,23,82,317,0,Yes
Ragi,40,Flowering,24,81,317,0,Yes
Red Gram,2,Germination,23,82,327,0,Yes
Ragi,49,Flowering,22,84,327,0,Yes
Groundnut,74,Grain/Pod Filling,22,79,327,0,No
Ragi,20,Vegetative,20,77,337,0,Yes
Ragi,64,Grain/Pod Filling,19,74,337,0,No
Ragi,88,Grain/Pod Filling,20,72,347,0,No
Ragi,43,Flowering,21,85,347,0,Yes
Red Gram,86,Maturity,23,81,347,0,No
Red Gram,45,Flowering,24,78,347,0,Yes
Groundnut,37,Flowering,24,77,358,0,No
Ragi,36,Flowering,23,78,358,0,Yes
Groundnut,49,Flowering,23,73,358,0,No
Red Gram,36,Flowering,23,79,368,3,Yes
Groundnut,50,Flowering,23,74,368,0,No
Red Gram,69,Grain/Pod Filling,22,70,368,0,No
Groundnut,76,Grain/Pod Filling,22,72,368,0,No
Ragi,60,Flowering,21,73,378,0,Yes
Groundnut,107,Maturity,20,74,378,0,No
Red Gram,11,Vegetative,20,68,388,0,Yes
Groundnut,88,Grain/Pod Filling,20,65,388,0,No
Groundnut,6,Germination,19,64,398,0,No
Groundnut,29,Vegetative,20,67,398,0,No
Red Gram,83,Grain/Pod Filling,22,71,398,0,Yes
Red Gram,45,Flowering,23,73,398,0,Yes
Red Gram,35,Flowering,24,72,409,0,Yes
Groundnut,58,Flowering,23,73,409,0,No
Red Gram,24,Vegetative,22,68,409,0,Yes
Red Gram,92,Maturity,22,70,409,0,No
Red Gram,10,Vegetative,22,65,409,0,Yes
Groundnut,49,Flowering,22,74,409,2,No
Groundnut,77,Grain/Pod Filling,22,63,409,1,No
Ragi,12,Vegetative,21,61,419,0,Yes
Groundnut,58,Flowering,22,56,419,0,No
Ragi,59,Flowering,24,61,419,0,Yes
Red Gram,15,Vegetative,22,54,419,0,Yes
Groundnut,3,Germination,21,51,419,0,No
Groundnut,101,Maturity,21,46,429,0,No
Ragi,92,Maturity,22,53,429,0,Yes
Ragi,2,Germination,22,52,429,0,Yes
Red Gram,58,Grain/Pod Filling,23,50,429,0,No
Groundnut,110,Maturity,25,52,429,0,No
Groundnut,67,Grain/Pod Filling,24,44,429,0,No
Red Gram,46,Flowering,24,38,429,0,Yes
Ragi,47,Flowering,24,35,429,0,Yes
Red Gram,79,Grain/Pod Filling,24,41,439,0,Yes
Groundnut,102,Maturity,25,43,439,0,No
Red Gram,31,Flowering,25,43,439,0,Yes
Groundnut,38,Flowering,25,48,439,0,No
Ragi,43,Flowering,25,49,439,0,Yes
Ragi,47,Flowering,25,37,439,0,Yes
Groundnut,55,Flowering,25,34,439,0,No
Red Gram,59,Grain/Pod Filling,25,32,439,0,Yes
Ragi,3,Germination,25,37,439,0,Yes
Ragi,90,Grain/Pod Filling,26,39,439,0,No
Ragi,100,Maturity,27,35,439,0,Yes
Ragi,18,Vegetative,28,36,439,0,Yes
Red Gram,69,Grain/Pod Filling,27,39,439,0,Yes
Ragi,13,Vegetative,27,41,439,0,Yes
Groundnut,49,Flowering,26,33,450,0,No
Red Gram,46,Flowering,26,41,450,0,Yes
Ragi,21,Vegetative,27,37,450,0,Yes
Groundnut,10,Germination,27,33,450,0,No
Red Gram,79,Grain/Pod Filling,27,38,450,0,Yes
Groundnut,66,Flowering,27,34,450,0,No
Groundnut,43,Flowering,28,30,450,0,No
Ragi,3,Germination,28,29,450,0,Yes
Ragi,58,Flowering,27,23,450,0,Yes
Red Gram,24,Vegetative,26,13,450,0,Yes
Groundnut,74,Grain/Pod Filling,27,32,450,0,No
Red Gram,84,Grain/Pod Filling,27,39,450,0,Yes
Ragi,64,Grain/Pod Filling,29,31,450,0,No
Red Gram,61,Grain/Pod Filling,29,29,450,0,Yes
Groundnut,42,Flowering,28,23,450,0,No
Ragi,83,Grain/Pod Filling,27,44,450,0,No
Red Gram,15,Vegetative,30,35,450,0,Yes
Groundnut,32,Vegetative,30,40,450,0,No
Ragi,88,Grain/Pod Filling,31,41,450,0,No
Red Gram,59,Grain/Pod Filling,31,47,450,0,Yes
Ragi,33,Flowering,31,37,450,1,Yes
Groundnut,87,Grain/Pod Filling,30,38,450,1,No
Ragi,90,Grain/Pod Filling,30,34,450,0,No
Red Gram,13,Vegetative,30,43,450,0,Yes
Ragi,97,Maturity,29,44,439,5,No
Ragi,33,Flowering,30,31,439,0,Yes
Red Gram,43,Flowering,30,34,439,0,Yes
Groundnut,89,Grain/Pod Filling,28,43,439,0,No
Ragi,22,Vegetative,27,65,398,11,No
Red Gram,60,Grain/Pod Filling,27,59,398,0,No
Ragi,4,Germination,28,62,409,0,Yes
Red Gram,45,Flowering,28,51,419,0,No
Red Gram,71,Grain/Pod Filling,28,56,429,0,No
Groundnut,96,Grain/Pod Filling,28,60,429,0,No
Groundnut,43,Flowering,28,58,439,2,No
Red Gram,65,Grain/Pod Filling,29,54,419,8,No
Red Gram,4,Germination,29,51,429,1,No
Groundnut,68,Grain/Pod Filling,29,60,419,0,No
Red Gram,19,Vegetative,29,62,419,0,No
Ragi,70,Grain/Pod Filling,29,63,429,0,No
Red Gram,92,Maturity,29,49,429,0,No
Red Gram,77,Grain/Pod Filling,31,46,429,2,Yes
Ragi,21,Vegetative,30,57,419,9,Yes
Ragi,32,Flowering,29,65,409,11,No
Ragi,36,Flowering,29,55,409,0,No
Ragi,30,Vegetative,29,58,419,2,Yes
Ragi,26,Vegetative,29,62,409,7,No
Ragi,88,Grain/Pod Filling,29,61,409,7,No
Red Gram,45,Flowering,27,60,388,1,No
Ragi,37,Flowering,27,61,398,0,Yes
Red Gram,14,Vegetative,28,62,409,0,No
Ragi,16,Vegetative,28,58,409,0,Yes
Red Gram,29,Flowering,27,63,419,2,No
Ragi,40,Flowering,28,64,419,0,No
Groundnut,101,Maturity,28,67,429,6,No
Red Gram,21,Vegetative,25,82,337,26,No
Ragi,21,Vegetative,25,85,306,36,Yes
Groundnut,18,Vegetative,26,77,296,4,No
Ragi,9,Germination,25,84,286,24,No
Groundnut,84,Grain/Pod Filling,25,84,286,10,No
Groundnut,81,Grain/Pod Filling,25,81,296,2,No
Groundnut,51,Flowering,26,78,306,2,No
Ragi,78,Grain/Pod Filling,25,84,306,3,No
Red Gram,24,Vegetative,25,80,306,2,Yes
Red Gram,80,Grain/Pod Filling,24,83,306,6,Yes
Ragi,45,Flowering,24,79,306,1,Yes
Ragi,39,Flowering,24,81,306,3,Yes
Red Gram,42,Flowering,23,83,306,4,Yes
Groundnut,39,Flowering,25,81,306,2,No
Ragi,80,Grain/Pod Filling,25,79,419,3,No
Red Gram,39,Flowering,25,77,429,1,Yes
Red Gram,17,Vegetative,25,76,439,1,Yes
Groundnut,110,Maturity,25,76,439,3,No
Ragi,89,Grain/Pod Filling,25,72,439,0,No
Groundnut,38,Flowering,26,70,450,0,No
Red Gram,6,Germination,25,74,450,3,Yes
Red Gram,6,Germination,25,77,450,8,Yes
Groundnut,105,Maturity,25,80,439,5,No
Red Gram,80,Grain/Pod Filling,24,86,429,7,Yes
Groundnut,14,Vegetative,24,88,419,13,No
Groundnut,3,Germination,23,86,409,7,No
Ragi,22,Vegetative,23,85,409,2,Yes
Red Gram,60,Grain/Pod Filling,23,84,409,2,Yes
Red Gram,41,Flowering,24,81,409,1,Yes
Groundnut,7,Germination,24,79,419,1,No
Red Gram,68,Grain/Pod Filling,24,79,419,1,Yes
Red Gram,56,Flowering,23,82,429,6,Yes
Red Gram,55,Flowering,23,82,419,1,Yes
Red Gram,28,Vegetative,22,86,419,3,Yes
Ragi,21,Vegetative,23,87,409,10,Yes
Ragi,83,Grain/Pod Filling,24,84,409,4,No
Red Gram,62,Grain/Pod Filling,24,81,419,1,Yes
Red Gram,90,Maturity,24,79,419,1,No
Ragi,59,Flowering,23,74,378,0,Yes
Red Gram,93,Maturity,24,72,378,0,No
Red Gram,3,Germination,23,68,378,0,Yes
Ragi,5,Germination,22,65,378,0,Yes
Red Gram,73,Grain/Pod Filling,22,63,378,0,No
Ragi,74,Grain/Pod Filling,23,72,388,0,No
Groundnut,75,Grain/Pod Filling,24,70,388,0,No
Red Gram,10,Vegetative,24,71,388,0,Yes
Red Gram,60,Grain/Pod Filling,24,70,388,0,No
Groundnut,89,Grain/Pod Filling,24,65,388,0,No
Groundnut,108,Maturity,24,65,388,0,No
Ragi,28,Vegetative,23,63,398,0,Yes
Red Gram,88,Maturity,23,62,398,0,No
Groundnut,53,Flowering,22,59,398,0,No
Ragi,59,Flowering,22,60,398,0,Yes
Red Gram,28,Vegetative,22,58,398,0,Yes
Groundnut,37,Flowering,23,65,398,2,No
Red Gram,64,Grain/Pod Filling,24,62,398,0,No
Red Gram,25,Vegetative,25,55,398,0,Yes
Ragi,100,Maturity,24,52,398,0,Yes
Ragi,40,Flowering,23,52,398,0,Yes
Ragi,39,Flowering,23,53,409,0,Yes
Ragi,63,Grain/Pod Filling,23,50,409,0,No
Red Gram,76,Grain/Pod Filling,24,45,409,0,Yes
Groundnut,11,Germination,25,44,409,0,No
Groundnut,69,Grain/Pod Filling,24,66,409,0,No
Red Gram,84,Grain/Pod Filling,23,60,409,0,No
Ragi,38,Flowering,24,52,409,0,Yes
Ragi,71,Grain/Pod Filling,24,54,409,0,No
Red Gram,53,Flowering,25,53,409,0,No
Red Gram,27,Vegetative,26,49,409,0,Yes
Red Gram,53,Flowering,26,46,419,0,Yes
Red Gram,26,Vegetative,26,48,419,0,Yes
Ragi,12,Vegetative,25,53,419,0,Yes
Ragi,82,Grain/Pod Filling,24,56,419,0,No
Red Gram,74,Grain/Pod Filling,23,48,419,0,Yes
Ragi,56,Flowering,24,53,419,0,Yes
Ragi,78,Grain/Pod Filling,25,56,419,0,No
Groundnut,37,Flowering,25,53,419,0,No
Groundnut,69,Grain/Pod Filling,25,45,419,0,No
Red Gram,87,Maturity,26,32,419,0,No
Groundnut,24,Vegetative,27,26,419,0,No
Ragi,14,Vegetative,26,32,419,0,Yes
Groundnut,26,Vegetative,25,32,419,0,No
Ragi,36,Flowering,26,30,419,0,Yes
Red Gram,2,Germination,26,40,419,0,Yes
Red Gram,8,Germination,26,37,419,0,Yes
Groundnut,99,Grain/Pod Filling,27,39,419,0,No
Red Gram,94,Maturity,27,31,419,0,No
Groundnut,1,Germination,27,35,419,0,No
Groundnut,90,Grain/Pod Filling,28,39,419,0,No
Groundnut,87,Grain/Pod Filling,28,43,419,1,No
Red Gram,3,Germination,29,43,419,2,Yes
Groundnut,47,Flowering,29,40,419,0,No
Ragi,49,Flowering,27,43,419,0,Yes
Ragi,94,Maturity,26,49,419,0,Yes
Red Gram,24,Vegetative,25,53,419,0,Yes
Red Gram,87,Maturity,26,50,419,0,No
Red Gram,11,Vegetative,29,46,419,0,Yes
Groundnut,71,Grain/Pod Filling,29,44,419,0,No
Ragi,87,Grain/Pod Filling,28,51,419,0,No
Red Gram,44,Flowering,28,49,419,0,Yes
Ragi,51,Flowering,28,45,419,0,Yes
Groundnut,43,Flowering,30,33,419,0,No
Groundnut,110,Maturity,31,30,419,0,No
Red Gram,12,Vegetative,31,33,419,0,Yes
Groundnut,38,Flowering,31,36,419,0,Yes
Red Gram,84,Grain/Pod Filling,30,25,419,0,Yes
Red Gram,81,Grain/Pod Filling,29,28,419,0,Yes
Ragi,31,Flowering,29,25,419,0,Yes
Ragi,37,Flowering,31,35,419,0,Yes
Ragi,45,Flowering,31,40,419,2,Yes
Groundnut,60,Flowering,31,35,419,0,Yes
Ragi,86,Grain/Pod Filling,30,30,419,0,No
Groundnut,14,Vegetative,30,25,419,0,No
Groundnut,85,Grain/Pod Filling,30,24,419,0,No
Red Gram,40,Flowering,30,33,419,0,Yes
Groundnut,1,Germination,31,27,419,0,No
Groundnut,76,Grain/Pod Filling,32,32,419,0,No
Red Gram,91,Maturity,33,38,419,0,No
Groundnut,106,Maturity,31,41,419,2,No
Ragi,95,Maturity,31,44,419,1,No
Red Gram,26,Vegetative,30,51,398,32,No
Red Gram,1,Germination,26,67,327,34,No
Groundnut,12,Vegetative,27,57,337,0,No
Ragi,80,Grain/Pod Filling,29,50,358,0,No
Ragi,82,Grain/Pod Filling,29,52,368,0,No
Ragi,12,Vegetative,29,44,368,0,Yes
Red Gram,81,Grain/Pod Filling,29,41,378,0,Yes
Groundnut,97,Grain/Pod Filling,29,60,368,15,No
Ragi,43,Flowering,29,59,358,1,No
Groundnut,73,Grain/Pod Filling,30,51,368,0,No
Red Gram,73,Grain/Pod Filling,30,55,378,1,No
Red Gram,83,Grain/Pod Filling,30,46,409,0,Yes
Groundnut,55,Flowering,30,55,409,0,No
Red Gram,56,Flowering,30,57,398,4,No
Groundnut,48,Flowering,31,55,409,4,Yes
Ragi,79,Grain/Pod Filling,31,54,398,6,No
Groundnut,30,Vegetative,31,51,398,0,No
Groundnut,5,Germination,32,53,409,1,No
Groundnut,62,Flowering,30,62,398,4,No
Groundnut,39,Flowering,32,51,409,0,Yes
Groundnut,28,Vegetative,28,58,409,3,No
Ragi,95,Maturity,30,51,409,1,No
Red Gram,90,Maturity,31,50,409,0,No
Ragi,43,Flowering,32,49,409,3,Yes
Red Gram,81,Grain/Pod Filling,32,51,409,2,Yes
Red Gram,91,Maturity,30,58,409,3,No
Red Gram,66,Grain/Pod Filling,29,63,398,5,No
Red Gram,1,Germination,27,69,398,2,No
Red Gram,33,Flowering,28,65,398,1,No
Red Gram,42,Flowering,28,66,388,10,No
Groundnut,23,Vegetative,29,62,378,2,No
Groundnut,15,Vegetative,30,60,388,0,No
Groundnut,90,Grain/Pod Filling,31,56,398,0,No
Ragi,77,Grain/Pod Filling,31,53,398,0,No
Groundnut,41,Flowering,32,53,409,0,Yes
Groundnut,66,Flowering,31,56,409,5,Yes
Groundnut,49,Flowering,29,69,388,9,No
Groundnut,81,Grain/Pod Filling,30,61,388,0,No
Groundnut,59,Flowering,30,60,398,0,No
Red Gram,39,Flowering,30,60,398,1,No
Red Gram,87,Maturity,27,74,388,7,No
Groundnut,57,Flowering,27,79,388,9,No
Red Gram,82,Grain/Pod Filling,26,77,368,15,No
Groundnut,37,Flowering,25,82,347,4,No
Ragi,52,Flowering,26,73,347,2,Yes
Red Gram,67,Grain/Pod Filling,27,68,358,0,No
Red Gram,84,Grain/Pod Filling,26,69,368,1,No
Groundnut,50,Flowering,27,68,368,0,No
Red Gram,73,Grain/Pod Filling,27,61,378,0,No
Ragi,91,Maturity,27,69,378,1,Yes
Ragi,34,Flowering,25,76,378,3,Yes
Red Gram,36,Flowering,25,74,368,2,Yes
Red Gram,21,Vegetative,27,72,378,2,Yes
Groundnut,58,Flowering,26,82,368,8,No
Ragi,37,Flowering,25,82,358,8,Yes
Groundnut,16,Vegetative,25,78,358,2,No
Groundnut,80,Grain/Pod Filling,26,78,358,3,No
Ragi,15,Vegetative,27,73,358,0,No
Groundnut,31,Vegetative,26,76,368,2,No
Red Gram,44,Flowering,26,71,368,0,Yes
Groundnut,29,Vegetative,26,71,368,0,No
Ragi,15,Vegetative,27,72,368,10,No
Ragi,97,Maturity,26,75,347,5,Yes
Ragi,28,Vegetative,26,77,358,1,No
Ragi,7,Germination,26,79,358,2,No
Ragi,27,Vegetative,25,81,358,1,Yes
Red Gram,29,Flowering,25,75,358,1,Yes
Red Gram,84,Grain/Pod Filling,25,80,358,2,Yes
Red Gram,21,Vegetative,25,77,347,5,Yes
Ragi,12,Vegetative,25,79,347,8,No
Ragi,38,Flowering,25,79,337,2,Yes
Groundnut,98,Grain/Pod Filling,25,81,347,1,No
Groundnut,2,Germination,25,80,347,5,No
Red Gram,28,Vegetative,25,80,337,11,No
Red Gram,14,Vegetative,24,83,286,4,Yes
Red Gram,18,Vegetative,25,79,286,28,No
Red Gram,23,Vegetative,24,84,245,1,Yes
Ragi,99,Maturity,24,88,255,3,Yes
Groundnut,18,Vegetative,23,85,245,10,No
Groundnut,36,Flowering,24,83,245,6,No
Red Gram,79,Grain/Pod Filling,24,85,245,5,Yes
Groundnut,35,Flowering,25,83,245,7,No
Ragi,20,Vegetative,25,81,235,6,Yes
Ragi,28,Vegetative,25,86,235,6,Yes
Ragi,14,Vegetative,25,84,235,9,Yes
Red Gram,88,Maturity,24,83,214,18,No
Groundnut,72,Grain/Pod Filling,25,81,214,3,No
Groundnut,57,Flowering,24,89,184,45,No
Ragi,63,Grain/Pod Filling,25,83,173,3,No
Ragi,56,Flowering,25,83,184,2,Yes
Red Gram,22,Vegetative,24,85,194,2,Yes
Red Gram,70,Grain/Pod Filling,24,84,194,8,Yes
Groundnut,7,Germination,25,84,132,8,No
Red Gram,22,Vegetative,25,84,143,5,Yes
Groundnut,77,Grain/Pod Filling,24,86,143,2,No
Red Gram,50,Flowering,24,87,153,3,Yes
Groundnut,64,Flowering,24,88,153,3,No
Ragi,37,Flowering,24,84,153,2,Yes
Groundnut,15,Vegetative,24,85,163,1,No
Red Gram,76,Grain/Pod Filling,23,88,163,2,Yes
Red Gram,56,Flowering,23,88,163,3,Yes
Red Gram,14,Vegetative,24,89,153,15,No
Groundnut,42,Flowering,24,89,132,20,No
Red Gram,15,Vegetative,24,89,122,5,Yes
Red Gram,18,Vegetative,24,85,132,2,Yes
Groundnut,57,Flowering,25,85,143,1,No
Red Gram,82,Grain/Pod Filling,24,88,143,9,Yes
Ragi,45,Flowering,24,87,132,3,Yes
Groundnut,62,Flowering,24,86,143,2,No
Groundnut,19,Vegetative,25,85,143,4,No
Red Gram,90,Maturity,25,85,143,2,No
Ragi,43,Flowering,25,85,153,0,Yes
Groundnut,38,Flowering,25,82,163,1,No
Groundnut,91,Grain/Pod Filling,24,83,173,1,No
Groundnut,97,Grain/Pod Filling,24,85,173,2,No
Ragi,25,Vegetative,24,86,173,2,Yes
Ragi,77,Grain/Pod Filling,24,85,184,0,No
Red Gram,77,Grain/Pod Filling,25,85,184,1,Yes
Red Gram,30,Flowering,24,88,184,12,No
Red Gram,52,Flowering,25,83,153,23,No
Red Gram,55,Flowering,25,84,153,1,Yes
Groundnut,9,Germination,26,79,163,0,No
Ragi,55,Flowering,26,81,173,12,Yes
Ragi,24,Vegetative,26,81,163,1,Yes
Ragi,67,Grain/Pod Filling,25,85,163,9,No
Groundnut,59,Flowering,26,83,153,18,No
Ragi,57,Flowering,24,88,143,3,Yes
Groundnut,37,Flowering,24,88,143,19,No
Groundnut,38,Flowering,22,89,122,2,No
Ragi,54,Flowering,23,90,122,14,Yes
Ragi,100,Maturity,24,88,122,4,Yes
Ragi,56,Flowering,24,88,122,8,Yes
Ragi,100,Maturity,23,89,122,4,Yes
Groundnut,1,Germination,23,88,102,6,No
Groundnut,98,Grain/Pod Filling,23,86,112,2,No
Ragi,58,Flowering,23,88,122,3,Yes
Groundnut,76,Grain/Pod Filling,24,90,122,17,No
Red Gram,94,Maturity,23,93,102,13,No
Red Gram,86,Maturity,24,85,102,1,No
Groundnut,57,Flowering,23,88,102,3,No
Red Gram,89,Maturity,24,86,112,10,No
Ragi,41,Flowering,24,85,102,3,Yes
Groundnut,70,Grain/Pod Filling,24,85,122,0,No
Groundnut,37,Flowering,25,82,132,0,No
Groundnut,67,Grain/Pod Filling,25,72,143,0,No
Ragi,80,Grain/Pod Filling,24,92,132,14,No
Red Gram,10,Vegetative,23,93,112,23,No
Ragi,68,Grain/Pod Filling,23,88,92,21,No
Groundnut,40,Flowering,24,89,61,3,No
Red Gram,67,Grain/Pod Filling,23,88,71,1,Yes
Ragi,47,Flowering,23,87,81,0,Yes
Groundnut,70,Grain/Pod Filling,23,86,81,0,No
Groundnut,68,Grain/Pod Filling,24,86,92,3,No
Ragi,54,Flowering,23,91,81,26,Yes
Red Gram,42,Flowering,23,89,61,11,No
Groundnut,54,Flowering,24,86,81,0,No
Ragi,2,Germination,24,85,92,1,Yes
Ragi,66,Grain/Pod Filling,22,84,102,0,No
Ragi,57,Flowering,23,83,112,0,Yes
Red Gram,60,Grain/Pod Filling,23,82,122,0,Yes
Red Gram,47,Flowering,22,81,122,0,Yes
Ragi,76,Grain/Pod Filling,22,79,132,0,No
Ragi,69,Grain/Pod Filling,23,84,143,0,No
Groundnut,21,Vegetative,22,80,143,0,No
Red Gram,11,Vegetative,21,75,153,0,Yes
Ragi,93,Maturity,23,89,163,0,Yes
Ragi,11,Vegetative,23,87,163,0,Yes
Ragi,33,Flowering,21,81,173,0,Yes
Ragi,95,Maturity,18,77,184,0,Yes
Red Gram,1,Germination,19,81,184,0,Yes
Red Gram,13,Vegetative,23,87,194,0,Yes
Red Gram,4,Germination,23,85,194,0,Yes
Red Gram,80,Grain/Pod Filling,23,84,204,0,Yes
Groundnut,107,Maturity,24,88,204,1,No
Red Gram,61,Grain/Pod Filling,24,86,214,0,Yes
Groundnut,11,Germination,24,85,225,0,No
Ragi,15,Vegetative,22,80,235,0,Yes
Red Gram,65,Grain/Pod Filling,22,83,245,0,Yes
Groundnut,1,Germination,21,86,245,0,No
Red Gram,17,Vegetative,22,84,245,0,Yes
Red Gram,50,Flowering,22,86,255,0,Yes
Ragi,93,Maturity,21,85,255,2,Yes
Red Gram,8,Germination,22,85,265,0,Yes
Red Gram,5,Germination,23,82,265,0,Yes
Groundnut,85,Grain/Pod Filling,21,81,276,0,No
Red Gram,52,Flowering,20,80,276,0,Yes
Groundnut,96,Grain/Pod Filling,20,80,286,0,No
Ragi,93,Maturity,22,81,296,0,Yes
Groundnut,26,Vegetative,22,81,296,0,No
Ragi,43,Flowering,22,81,296,0,Yes
Groundnut,107,Maturity,22,77,306,0,No
Red Gram,62,Grain/Pod Filling,21,71,317,0,Yes
Groundnut,21,Vegetative,22,77,327,0,No
Red Gram,67,Grain/Pod Filling,22,76,337,0,Yes
Groundnut,30,Vegetative,21,74,337,0,No
Groundnut,50,Flowering,19,72,347,0,No
Groundnut,31,Vegetative,20,70,347,0,No
Ragi,65,Grain/Pod Filling,21,71,347,0,No
Ragi,63,Grain/Pod Filling,21,71,358,0,No
Groundnut,11,Germination,20,72,358,0,No
Red Gram,58,Grain/Pod Filling,20,71,358,0,Yes
Groundnut,82,Grain/Pod Filling,20,67,368,0,No
Red Gram,27,Vegetative,22,71,368,0,Yes
Groundnut,100,Maturity,22,72,368,0,No
Red Gram,92,Maturity,21,68,368,0,No
Groundnut,51,Flowering,22,69,378,0,No
Groundnut,2,Germination,23,73,378,0,No
Groundnut,66,Flowering,22,76,378,0,No
Red Gram,40,Flowering,23,79,378,2,Yes
Red Gram,41,Flowering,23,82,358,11,No
Groundnut,38,Flowering,22,84,358,5,No
Groundnut,80,Grain/Pod Filling,24,78,347,0,No
Groundnut,61,Flowering,23,72,358,0,No
Red Gram,8,Germination,23,71,358,0,Yes
Red Gram,42,Flowering,24,69,368,0,No
Groundnut,77,Grain/Pod Filling,22,70,368,0,No
Ragi,10,Germination,23,70,378,0,Yes
Ragi,67,Grain/Pod Filling,24,69,378,0,No
Red Gram,60,Grain/Pod Filling,23,67,388,0,No
Red Gram,25,Vegetative,24,56,388,0,Yes
Red Gram,28,Vegetative,23,60,398,0,Yes
Red Gram,36,Flowering,23,65,398,0,No
Ragi,55,Flowering,23,50,398,0,Yes
Groundnut,50,Flowering,22,59,409,0,No
Ragi,32,Flowering,23,54,409,0,Yes
Ragi,99,Maturity,23,52,409,0,Yes
Groundnut,105,Maturity,23,52,409,0,No
Red Gram,65,Grain/Pod Filling,23,53,409,0,No
Groundnut,42,Flowering,24,43,409,0,No
Groundnut,68,Grain/Pod Filling,22,33,409,0,No
Red Gram,8,Germination,22,46,409,0,Yes
Groundnut,29,Vegetative,23,42,409,0,No
Groundnut,2,Germination,23,39,419,0,No
Red Gram,74,Grain/Pod Filling,24,42,419,0,Yes
Groundnut,103,Maturity,23,39,419,0,No
Groundnut,56,Flowering,23,36,419,0,No
Groundnut,81,Grain/Pod Filling,24,39,419,0,No
Groundnut,55,Flowering,26,53,419,0,No
Groundnut,40,Flowering,25,45,419,6,No
Ragi,8,Germination,23,55,409,1,Yes
Red Gram,93,Maturity,23,64,398,5,No
Ragi,55,Flowering,25,52,409,0,Yes
Red Gram,9,Germination,26,47,409,0,Yes
Groundnut,82,Grain/Pod Filling,27,46,409,0,No
Ragi,35,Flowering,28,42,409,0,Yes
Groundnut,39,Flowering,28,36,409,0,No
Red Gram,85,Grain/Pod Filling,27,31,419,0,Yes
Red Gram,22,Vegetative,27,31,419,0,Yes
Groundnut,6,Germination,27,30,419,0,No
Red Gram,56,Flowering,27,25,419,0,Yes
Groundnut,105,Maturity,27,35,419,0,No
Ragi,40,Flowering,27,28,419,0,Yes
Red Gram,66,Grain/Pod Filling,27,28,419,0,Yes
Groundnut,71,Grain/Pod Filling,27,29,419,0,No
Groundnut,8,Germination,27,31,419,0,No
Groundnut,99,Grain/Pod Filling,27,22,419,0,No
Red Gram,32,Flowering,27,27,419,0,Yes
Groundnut,40,Flowering,29,31,419,0,No
Ragi,72,Grain/Pod Filling,30,31,419,0,No
Ragi,81,Grain/Pod Filling,30,31,419,0,No
Ragi,2,Germination,29,33,419,0,Yes
Groundnut,9,Germination,30,26,419,0,No
Groundnut,91,Grain/Pod Filling,29,31,419,1,No
Red Gram,93,Maturity,30,29,419,0,No
Ragi,26,Vegetative,31,32,419,0,Yes
Red Gram,88,Maturity,31,34,419,0,No
Ragi,7,Germination,31,32,419,0,Yes
Ragi,22,Vegetative,30,33,419,0,Yes
Groundnut,96,Grain/Pod Filling,30,42,419,0,No
Groundnut,30,Vegetative,30,40,419,0,No
Ragi,23,Vegetative,31,29,419,0,Yes
Groundnut,20,Vegetative,31,28,419,0,No
Red Gram,44,Flowering,32,30,419,3,Yes
Red Gram,67,Grain/Pod Filling,31,34,419,1,Yes
Groundnut,14,Vegetative,31,37,419,0,No
Groundnut,5,Germination,31,40,419,1,No
Ragi,45,Flowering,30,45,409,2,Yes
Red Gram,40,Flowering,31,42,409,1,Yes
Ragi,35,Flowering,31,43,409,0,Yes
Groundnut,13,Vegetative,32,40,419,1,No
Red Gram,44,Flowering,31,50,409,1,Yes
Red Gram,80,Grain/Pod Filling,31,44,409,0,Yes
Groundnut,83,Grain/Pod Filling,31,45,419,0,No
Ragi,50,Flowering,28,60,378,17,No
Red Gram,28,Vegetative,30,58,388,3,No
Ragi,36,Flowering,30,56,398,1,No
Groundnut,83,Grain/Pod Filling,30,55,398,1,No
Red Gram,70,Grain/Pod Filling,29,56,398,1,No
Red Gram,26,Vegetative,31,51,409,6,No
Red Gram,66,Grain/Pod Filling,30,55,388,6,No
Ragi,21,Vegetative,30,54,388,1,Yes
Ragi,36,Flowering,30,58,388,3,No
Red Gram,94,Maturity,30,57,398,1,No
Ragi,50,Flowering,30,59,398,7,No
Red Gram,57,Flowering,30,60,388,12,No
Red Gram,14,Vegetative,30,64,358,8,No
Ragi,16,Vegetative,29,63,378,0,No
Red Gram,83,Grain/Pod Filling,29,70,378,4,No
Red Gram,16,Vegetative,30,64,378,0,No
Red Gram,54,Flowering,29,67,378,1,No
Red Gram,12,Vegetative,28,71,388,2,Yes
Red Gram,90,Maturity,27,74,368,18,No
Ragi,100,Maturity,26,78,337,3,Yes
Groundnut,47,Flowering,26,80,337,3,No
Ragi,50,Flowering,26,78,347,1,Yes
Red Gram,55,Flowering,26,74,347,1,Yes
Ragi,90,Grain/Pod Filling,26,77,347,9,No
Groundnut,103,Maturity,27,73,337,2,No
Ragi,26,Vegetative,27,76,337,35,No
Ragi,36,Flowering,26,82,276,5,Yes
Groundnut,27,Vegetative,27,76,286,1,No
Ragi,14,Vegetative,27,75,306,1,No
Red Gram,83,Grain/Pod Filling,27,74,317,2,Yes
Ragi,68,Grain/Pod Filling,27,73,317,1,No
Groundnut,58,Flowering,27,75,327,0,No
Red Gram,13,Vegetative,27,76,327,0,Yes
Red Gram,66,Grain/Pod Filling,26,74,317,8,Yes
Red Gram,47,Flowering,26,73,317,2,Yes
Ragi,11,Vegetative,27,73,317,1,No
Red Gram,36,Flowering,26,77,327,1,Yes
Red Gram,49,Flowering,26,75,327,0,Yes
Red Gram,10,Vegetative,25,77,337,1,Yes
Ragi,73,Grain/Pod Filling,24,77,337,2,No
Red Gram,55,Flowering,24,87,296,22,No
Red Gram,23,Vegetative,25,81,235,11,No
Groundnut,25,Vegetative,25,84,245,10,No
Ragi,89,Grain/Pod Filling,25,82,245,0,No
Ragi,83,Grain/Pod Filling,25,79,255,0,No
Red Gram,84,Grain/Pod Filling,25,82,265,0,Yes
Red Gram,19,Vegetative,25,79,265,1,Yes
Groundnut,22,Vegetative,25,79,276,3,No
Red Gram,61,Grain/Pod Filling,23,82,255,12,No
Red Gram,48,Flowering,24,78,255,0,Yes
Ragi,80,Grain/Pod Filling,26,79,265,0,No
Ragi,23,Vegetative,26,81,276,2,Yes
Ragi,96,Maturity,24,85,276,2,Yes
Red Gram,55,Flowering,25,83,265,20,No
Red Gram,1,Germination,25,82,245,4,Yes
Red Gram,86,Maturity,25,79,255,1,No
Ragi,70,Grain/Pod Filling,25,82,255,1,No
Ragi,4,Germination,25,86,255,7,Yes
Red Gram,10,Vegetative,24,82,245,6,Yes
Ragi,2,Germination,22,86,245,1,Yes
Ragi,37,Flowering,23,86,245,3,Yes
Groundnut,56,Flowering,24,83,245,5,No
Groundnut,70,Grain/Pod Filling,24,85,245,5,No
Groundnut,74,Grain/Pod Filling,25,85,235,8,No
Red Gram,73,Grain/Pod Filling,25,84,235,1,Yes
Red Gram,14,Vegetative,25,85,235,12,No
Groundnut,89,Grain/Pod Filling,24,91,214,20,No
Ragi,50,Flowering,24,85,194,8,Yes
Ragi,78,Grain/Pod Filling,24,84,204,2,No
Groundnut,38,Flowering,24,84,204,7,No
Red Gram,13,Vegetative,23,90,184,23,No
Red Gram,94,Maturity,24,88,173,9,No
Ragi,92,Maturity,25,83,184,2,Yes
Red Gram,89,Maturity,24,84,194,1,No
Red Gram,86,Maturity,24,84,214,3,No
Groundnut,46,Flowering,24,86,214,1,No
Ragi,41,Flowering,24,81,214,1,Yes
Groundnut,39,Flowering,25,81,225,3,No
Ragi,97,Maturity,25,81,235,1,Yes
Groundnut,1,Germination,25,82,235,10,No
Ragi,96,Maturity,25,81,225,1,Yes
Groundnut,9,Germination,25,81,235,0,No
Red Gram,86,Maturity,25,82,245,0,No
Red Gram,27,Vegetative,25,83,245,8,Yes
Red Gram,53,Flowering,24,84,235,2,Yes
Ragi,67,Grain/Pod Filling,24,84,245,0,No
Groundnut,32,Vegetative,24,85,245,3,No
Ragi,5,Germination,24,81,245,2,Yes
Red Gram,94,Maturity,24,78,255,1,No
Groundnut,82,Grain/Pod Filling,23,82,255,0,No
Ragi,73,Grain/Pod Filling,23,87,255,2,No
Red Gram,74,Grain/Pod Filling,25,78,265,2,Yes
Ragi,57,Flowering,25,79,265,1,Yes
Ragi,9,Germination,25,81,276,0,No
Ragi,67,Grain/Pod Filling,25,84,276,2,No
Groundnut,58,Flowering,25,83,276,1,No
Groundnut,83,Grain/Pod Filling,24,84,276,3,No
Groundnut,22,Vegetative,24,77,276,3,No
Ragi,14,Vegetative,23,81,276,13,Yes
Ragi,94,Maturity,24,82,255,2,Yes
Ragi,8,Germination,24,82,265,13,Yes
Groundnut,4,Germination,24,85,255,7,No
Ragi,12,Vegetative,24,85,245,6,Yes
Groundnut,12,Vegetative,24,87,245,8,No
Ragi,51,Flowering,24,84,235,4,Yes
Groundnut,73,Grain/Pod Filling,23,85,235,7,No
Groundnut,106,Maturity,24,83,245,1,No
Red Gram,9,Germination,25,83,255,3,Yes
Ragi,65,Grain/Pod Filling,24,86,255,4,No
Red Gram,34,Flowering,25,83,255,2,Yes
Ragi,99,Maturity,25,83,255,1,Yes
Groundnut,81,Grain/Pod Filling,24,84,265,0,No
Ragi,91,Maturity,25,80,276,0,Yes
Red Gram,54,Flowering,25,77,276,0,Yes
Ragi,92,Maturity,25,77,286,0,Yes
Ragi,62,Grain/Pod Filling,25,81,296,1,No
Ragi,59,Flowering,25,84,265,2,Yes
Ragi,57,Flowering,25,81,276,1,Yes
Red Gram,45,Flowering,24,82,286,1,Yes
Ragi,64,Grain/Pod Filling,23,80,286,1,No
Red Gram,75,Grain/Pod Filling,25,79,296,1,Yes
Ragi,4,Germination,25,84,276,29,No
Groundnut,78,Grain/Pod Filling,25,83,235,13,No
Groundnut,69,Grain/Pod Filling,25,81,245,5,No
Groundnut,87,Grain/Pod Filling,25,85,245,17,No
Red Gram,44,Flowering,25,86,214,23,No
Groundnut,89,Grain/Pod Filling,25,85,204,5,No
Ragi,37,Flowering,24,88,214,5,Yes
Ragi,89,Grain/Pod Filling,25,85,214,1,No
Red Gram,65,Grain/Pod Filling,25,86,225,3,Yes
Red Gram,87,Maturity,24,85,225,1,No
Groundnut,95,Grain/Pod Filling,25,76,235,0,No
Ragi,77,Grain/Pod Filling,25,80,235,0,No
Groundnut,82,Grain/Pod Filling,25,77,245,0,No
Groundnut,59,Flowering,25,76,255,0,No
Ragi,58,Flowering,25,81,265,0,Yes
Red Gram,79,Grain/Pod Filling,25,81,276,0,Yes
Red Gram,49,Flowering,24,85,276,3,Yes
Groundnut,20,Vegetative,24,74,286,0,No
Ragi,19,Vegetative,24,85,286,2,Yes
Red Gram,53,Flowering,24,83,286,2,Yes
Groundnut,40,Flowering,23,74,286,0,No
Groundnut,106,Maturity,22,75,296,0,No
Groundnut,27,Vegetative,25,82,306,0,No
Ragi,82,Grain/Pod Filling,25,83,317,2,No
Ragi,18,Vegetative,25,80,317,1,No
Groundnut,100,Maturity,24,82,317,1,No
Groundnut,58,Flowering,23,81,317,1,No
Red Gram,7,Germination,24,83,317,1,Yes
Groundnut,87,Grain/Pod Filling,24,81,327,1,No
Red Gram,40,Flowering,24,78,327,0,Yes
Ragi,8,Germination,23,77,327,0,Yes
Groundnut,31,Vegetative,23,73,337,0,No
Ragi,82,Grain/Pod Filling,22,72,337,0,No
Groundnut,12,Vegetative,21,86,337,2,No
Groundnut,99,Grain/Pod Filling,24,83,337,3,No
Red Gram,91,Maturity,25,83,327,6,No
Red Gram,72,Grain/Pod Filling,25,82,327,5,Yes
Red Gram,8,Germination,24,87,296,7,Yes
Ragi,72,Grain/Pod Filling,23,86,296,8,No
Ragi,1,Germination,23,89,276,15,Yes
Ragi,26,Vegetative,24,87,265,16,Yes
Red Gram,92,Maturity,24,88,255,2,No
Groundnut,66,Flowering,24,85,265,4,No
Red Gram,34,Flowering,24,84,276,0,Yes
Red Gram,23,Vegetative,24,82,286,0,Yes
Red Gram,8,Germination,23,80,296,0,Yes
Groundnut,34,Flowering,19,81,296,0,No
Ragi,16,Vegetative,22,85,306,2,Yes
Red Gram,35,Flowering,22,84,306,2,Yes
Groundnut,74,Grain/Pod Filling,23,84,306,5,No
Ragi,78,Grain/Pod Filling,23,85,296,6,No
Red Gram,92,Maturity,24,81,296,1,No
Red Gram,81,Grain/Pod Filling,23,81,306,0,Yes
Red Gram,76,Grain/Pod Filling,22,75,306,0,Yes
Groundnut,92,Grain/Pod Filling,22,74,317,0,No
Ragi,68,Grain/Pod Filling,22,72,317,0,No
Groundnut,68,Grain/Pod Filling,23,77,327,0,No
Red Gram,16,Vegetative,23,80,327,0,Yes
Ragi,71,Grain/Pod Filling,23,79,327,0,No
Groundnut,60,Flowering,23,77,337,0,No
Ragi,50,Flowering,22,80,337,0,Yes
Groundnut,75,Grain/Pod Filling,22,80,337,0,No
Red Gram,42,Flowering,19,70,347,0,Yes
Groundnut,10,Germination,20,62,347,0,No
Groundnut,97,Grain/Pod Filling,21,64,358,0,No
Groundnut,19,Vegetative,22,66,358,0,No
Groundnut,65,Flowering,23,67,358,0,No
Red Gram,56,Flowering,22,61,368,0,No
Red Gram,29,Flowering,21,69,368,0,No
Ragi,33,Flowering,21,68,368,0,Yes
Ragi,15,Vegetative,21,69,368,0,Yes
Ragi,6,Germination,21,67,378,0,Yes
Ragi,47,Flowering,23,74,378,0,Yes
Groundnut,22,Vegetative,22,68,388,0,No
Red Gram,90,Maturity,21,66,388,0,No
Groundnut,53,Flowering,22,72,388,0,No
Ragi,96,Maturity,22,72,388,0,Yes
Red Gram,32,Flowering,22,68,398,0,No
Red Gram,73,Grain/Pod Filling,20,73,398,0,Yes
Red Gram,94,Maturity,24,65,398,0,No
Groundnut,72,Grain/Pod Filling,23,62,409,0,No
Ragi,54,Flowering,22,56,409,0,Yes
Groundnut,11,Germination,23,44,409,0,No
Red Gram,76,Grain/Pod Filling,24,45,409,0,Yes
Ragi,33,Flowering,22,67,409,0,Yes
Groundnut,93,Grain/Pod Filling,20,62,409,0,No
Red Gram,15,Vegetative,21,60,409,0,Yes
Ragi,90,Grain/Pod Filling,22,54,409,0,No
Ragi,28,Vegetative,22,54,409,0,Yes
Groundnut,34,Flowering,22,45,409,0,No
Ragi,87,Grain/Pod Filling,22,43,409,0,No
Red Gram,4,Germination,25,34,409,0,Yes
Groundnut,42,Flowering,25,35,419,0,No
Groundnut,69,Grain/Pod Filling,26,41,419,0,No
Red Gram,64,Grain/Pod Filling,24,53,419,0,No
Groundnut,10,Germination,24,50,419,0,No
Red Gram,74,Grain/Pod Filling,24,49,419,0,Yes
Ragi,45,Flowering,26,53,419,0,Yes
Ragi,68,Grain/Pod Filling,25,58,419,0,No
Red Gram,67,Grain/Pod Filling,26,45,419,0,Yes
Groundnut,10,Germination,26,37,419,0,No
Groundnut,21,Vegetative,25,44,419,0,No
Red Gram,63,Grain/Pod Filling,25,42,419,0,Yes
Groundnut,82,Grain/Pod Filling,25,44,419,0,No
Ragi,33,Flowering,25,42,419,0,Yes
Ragi,89,Grain/Pod Filling,26,42,419,0,No
Ragi,46,Flowering,26,44,419,0,Yes
Red Gram,83,Grain/Pod Filling,27,42,419,0,Yes
Groundnut,65,Flowering,27,39,419,0,No
Groundnut,6,Germination,27,41,419,0,No
Red Gram,93,Maturity,27,37,419,0,No
Red Gram,1,Germination,26,28,419,0,Yes
Groundnut,100,Maturity,25,25,419,0,No
Groundnut,48,Flowering,25,36,419,0,No
Red Gram,75,Grain/Pod Filling,25,34,419,0,Yes
Ragi,63,Grain/Pod Filling,26,29,419,0,No
Ragi,55,Flowering,26,28,419,0,Yes
Red Gram,81,Grain/Pod Filling,27,27,419,0,Yes
Red Gram,34,Flowering,27,31,419,0,Yes
Ragi,93,Maturity,27,34,419,0,Yes
Red Gram,41,Flowering,28,37,419,0,Yes
Red Gram,4,Germination,29,37,419,0,Yes
Groundnut,52,Flowering,30,32,419,0,No
Ragi,1,Germination,29,30,419,0,Yes
Groundnut,42,Flowering,29,32,419,0,No
Ragi,51,Flowering,29,18,419,0,Yes
Red Gram,88,Maturity,29,28,419,0,No
Groundnut,107,Maturity,30,35,419,0,No
Groundnut,26,Vegetative,30,46,419,0,No
Red Gram,38,Flowering,29,52,419,1,No
Groundnut,11,Germination,29,52,419,1,No
Red Gram,12,Vegetative,29,48,419,0,Yes
Ragi,49,Flowering,30,51,419,0,No
Groundnut,86,Grain/Pod Filling,32,41,419,0,No
Groundnut,88,Grain/Pod Filling,31,39,419,0,No
Red Gram,18,Vegetative,31,36,419,0,Yes
Ragi,90,Grain/Pod Filling,32,37,419,0,No
Red Gram,66,Grain/Pod Filling,32,31,419,0,Yes
Red Gram,56,Flowering,32,34,419,0,Yes
Ragi,55,Flowering,32,32,419,0,Yes
Red Gram,14,Vegetative,32,29,419,0,Yes
Groundnut,33,Vegetative,31,38,419,2,No
Groundnut,77,Grain/Pod Filling,31,35,419,1,No
Groundnut,68,Grain/Pod Filling,32,32,419,0,No
Red Gram,63,Grain/Pod Filling,32,31,419,0,Yes
Ragi,24,Vegetative,29,52,419,0,Yes
Groundnut,9,Germination,31,46,409,6,No
Red Gram,51,Flowering,29,60,409,2,No
Red Gram,39,Flowering,28,64,409,3,No
Red Gram,28,Vegetative,27,65,398,4,Yes
Ragi,28,Vegetative,29,59,398,5,Yes
Red Gram,67,Grain/Pod Filling,28,60,398,0,No
Red Gram,62,Grain/Pod Filling,27,62,398,2,No
Groundnut,94,Grain/Pod Filling,29,58,398,10,No
Ragi,24,Vegetative,29,62,388,4,No
Ragi,41,Flowering,30,58,388,7,No
Groundnut,22,Vegetative,30,55,398,0,No
Red Gram,32,Flowering,30,50,398,0,No
Ragi,49,Flowering,30,52,409,0,No
Red Gram,32,Flowering,31,50,409,0,Yes
Groundnut,59,Flowering,27,71,388,10,No
Groundnut,74,Grain/Pod Filling,29,61,388,4,No
Red Gram,59,Grain/Pod Filling,30,58,388,1,No
Groundnut,103,Maturity,30,59,398,1,No
Groundnut,6,Germination,30,57,398,1,No
Groundnut,80,Grain/Pod Filling,30,55,398,0,No
Red Gram,35,Flowering,28,65,409,3,No
Ragi,85,Grain/Pod Filling,28,67,398,1,No
Ragi,92,Maturity,30,58,398,0,Yes
Red Gram,3,Germination,29,61,409,0,No
Red Gram,86,Maturity,30,63,409,3,No
Ragi,32,Flowering,28,68,398,8,No
Ragi,84,Grain/Pod Filling,28,68,378,22,No
Red Gram,50,Flowering,26,82,306,49,No
Ragi,7,Germination,25,82,265,11,No
Ragi,25,Vegetative,26,76,286,1,No
Groundnut,75,Grain/Pod Filling,27,74,306,0,No
Red Gram,8,Germination,27,74,317,0,Yes
Ragi,86,Grain/Pod Filling,29,66,327,0,No
Red Gram,69,Grain/Pod Filling,28,65,337,0,No
Ragi,83,Grain/Pod Filling,28,64,347,0,No
Ragi,68,Grain/Pod Filling,28,67,368,1,No
Red Gram,66,Grain/Pod Filling,27,72,358,11,No
Groundnut,24,Vegetative,26,75,347,0,No
Red Gram,64,Grain/Pod Filling,26,70,358,2,No
Red Gram,95,Maturity,26,70,358,1,No
Ragi,70,Grain/Pod Filling,26,72,358,0,No
Groundnut,79,Grain/Pod Filling,27,68,368,2,No
Red Gram,89,Maturity,26,72,368,0,No
Groundnut,68,Grain/Pod Filling,26,73,368,0,No
Ragi,29,Vegetative,25,72,368,3,No
Ragi,28,Vegetative,25,74,368,3,No
Groundnut,68,Grain/Pod Filling,25,74,368,1,No
Groundnut,15,Vegetative,24,81,358,12,No
Red Gram,18,Vegetative,25,81,347,5,Yes
Ragi,46,Flowering,26,75,347,4,Yes
Ragi,21,Vegetative,25,78,347,1,No
Red Gram,91,Maturity,25,75,347,1,No
Ragi,94,Maturity,25,78,358,0,Yes
Red Gram,33,Flowering,25,81,358,1,Yes
Ragi,86,Grain/Pod Filling,25,80,358,2,No
Red Gram,38,Flowering,26,79,358,2,Yes
Groundnut,47,Flowering,26,79,347,5,No
Ragi,36,Flowering,26,77,347,1,Yes
Ragi,48,Flowering,25,83,347,3,Yes
Red Gram,23,Vegetative,25,81,347,7,Yes
Ragi,45,Flowering,25,78,337,7,Yes
Groundnut,65,Flowering,25,80,317,6,No
Red Gram,82,Grain/Pod Filling,24,82,317,2,Yes
Ragi,84,Grain/Pod Filling,24,83,306,8,No
Red Gram,83,Grain/Pod Filling,23,84,296,6,Yes
Ragi,3,Germination,24,81,296,5,Yes
Ragi,93,Maturity,25,78,296,6,Yes
Groundnut,69,Grain/Pod Filling,25,83,286,5,No
Groundnut,24,Vegetative,24,82,296,1,No
Red Gram,25,Vegetative,25,79,296,0,Yes
Red Gram,38,Flowering,25,78,296,3,Yes
Red Gram,28,Vegetative,25,80,306,1,Yes
Groundnut,14,Vegetative,25,79,317,3,No
Ragi,14,Vegetative,25,78,317,1,No
Ragi,5,Germination,26,77,235,7,No
Ragi,74,Grain/Pod Filling,27,76,245,4,No
Ragi,29,Vegetative,26,79,245,3,No
Groundnut,2,Germination,25,85,245,25,No
Red Gram,59,Grain/Pod Filling,24,86,214,11,No
Groundnut,9,Germination,24,86,194,25,No
Groundnut,8,Germination,24,87,173,8,No
Ragi,4,Germination,24,87,184,3,Yes
Ragi,87,Grain/Pod Filling,23,89,173,11,No
Groundnut,17,Vegetative,24,84,163,2,No
Red Gram,40,Flowering,24,82,184,1,Yes
Ragi,49,Flowering,24,82,184,2,Yes
Ragi,99,Maturity,23,86,194,1,Yes
Groundnut,91,Grain/Pod Filling,23,85,204,1,No
Groundnut,47,Flowering,24,82,204,0,No
Groundnut,54,Flowering,24,83,214,1,No
Red Gram,27,Vegetative,24,81,214,0,Yes
Ragi,8,Germination,24,81,225,1,Yes
Groundnut,46,Flowering,24,82,225,1,No
Ragi,90,Grain/Pod Filling,25,81,235,2,No
Ragi,69,Grain/Pod Filling,24,83,235,1,No
Groundnut,46,Flowering,24,83,245,7,No
Red Gram,45,Flowering,24,85,225,19,No
Ragi,60,Flowering,24,85,204,12,Yes
Ragi,96,Maturity,24,84,194,7,Yes
Groundnut,105,Maturity,25,84,194,12,No
Ragi,81,Grain/Pod Filling,25,84,184,5,No
Groundnut,106,Maturity,25,86,184,8,No
Groundnut,108,Maturity,25,85,153,19,No
Groundnut,28,Vegetative,26,80,163,0,No
Ragi,61,Grain/Pod Filling,26,84,173,3,No
Red Gram,44,Flowering,25,85,102,47,No
Ragi,15,Vegetative,25,79,81,23,No
Red Gram,27,Vegetative,24,88,92,3,Yes
Groundnut,82,Grain/Pod Filling,24,89,92,11,No
Red Gram,88,Maturity,24,89,81,6,No
Ragi,77,Grain/Pod Filling,24,88,81,5,No
Groundnut,77,Grain/Pod Filling,24,88,92,1,No
Groundnut,75,Grain/Pod Filling,24,86,102,1,No
Red Gram,73,Grain/Pod Filling,24,87,102,2,Yes
Ragi,9,Germination,24,86,112,0,Yes
Groundnut,28,Vegetative,24,85,122,0,No
Red Gram,21,Vegetative,23,85,132,0,Yes
Red Gram,20,Vegetative,22,86,132,0,Yes
Red Gram,41,Flowering,23,85,143,0,Yes
groundnut,43,Vegetative,26,62,409,0,No
groundnut,67,Flowering,27,58,409,0,No
groundnut,144,Maturity,26,63,409,0,No
Red Gram,70,Flowering,26,60,409,0,No
groundnut,3,Germination,25,59,409,0,No
ragi,109,Grain/Pod Filling,24,51,419,0,No
ragi,7,Germination,25,42,419,0,Yes
Red Gram,117,Grain/Pod Filling,27,40,419,0,Yes
ragi,79,Flowering,27,44,419,0,Yes
ragi,134,Grain/Pod Filling,27,46,419,0,No
Red Gram,15,Germination,26,32,419,0,Yes
groundnut,18,Vegetative,26,54,419,0,No
ragi,38,Vegetative,26,57,419,0,Yes
ragi,127,Grain/Pod Filling,26,43,419,0,No
Red Gram,53,Flowering,27,20,419,0,Yes
groundnut,9,Germination,26,32,419,0,No
groundnut,146,Maturity,26,35,419,0,No
ragi,97,Grain/Pod Filling,29,44,419,0,No
Red Gram,149,Maturity,28,43,409,3,No
groundnut,73,Flowering,30,35,409,0,No
groundnut,136,Maturity,30,45,409,1,No
Red Gram,150,Maturity,32,39,409,0,No
groundnut,24,Vegetative,31,38,419,0,No
ragi,63,Flowering,31,32,419,0,Yes
ragi,117,Grain/Pod Filling,32,28,419,0,No
ragi,64,Flowering,32,24,419,0,Yes
groundnut,14,Germination,32,35,419,0,No
ragi,128,Grain/Pod Filling,31,26,419,0,No
ragi,53,Flowering,29,46,388,6,Yes
Red Gram,66,Flowering,30,50,388,0,No
ragi,104,Grain/Pod Filling,32,34,409,0,No
Red Gram,3,Germination,32,28,409,0,Yes
groundnut,101,Grain/Pod Filling,34,36,409,0,No
groundnut,88,Flowering,34,32,409,0,No
Red Gram,149,Maturity,34,35,409,0,No
Red Gram,96,Grain/Pod Filling,34,40,409,0,Yes
groundnut,99,Grain/Pod Filling,34,41,409,2,No
groundnut,121,Grain/Pod Filling,35,35,409,0,No
Red Gram,149,Maturity,34,37,409,1,No
groundnut,87,Flowering,35,35,409,0,No
ragi,9,Germination,33,45,409,1,Yes
groundnut,72,Flowering,33,43,409,1,Yes
Red Gram,69,Flowering,35,35,409,0,Yes
ragi,45,Vegetative,36,36,419,0,Yes
groundnut,11,Germination,27,76,317,4,No
groundnut,90,Flowering,26,74,347,2,No
ragi,25,Vegetative,28,65,358,0,No
ragi,110,Grain/Pod Filling,28,73,358,3,No
Red Gram,75,Flowering,28,68,358,1,No
ragi,120,Grain/Pod Filling,27,74,358,2,No
groundnut,107,Grain/Pod Filling,28,74,358,13,No
ragi,35,Vegetative,27,74,296,3,No
ragi,107,Grain/Pod Filling,27,76,296,12,No
Red Gram,144,Maturity,26,77,265,2,No
Red Gram,52,Flowering,25,79,204,7,Yes
groundnut,70,Flowering,27,82,173,7,No
ragi,113,Grain/Pod Filling,25,82,163,0,No
ragi,18,Vegetative,26,79,163,1,No
Red Gram,64,Flowering,26,81,143,3,Yes
ragi,114,Grain/Pod Filling,25,83,132,7,No
ragi,148,Maturity,25,84,132,3,Yes
ragi,51,Flowering,25,85,153,4,Yes
groundnut,119,Grain/Pod Filling,25,87,153,7,No
ragi,48,Flowering,26,85,143,2,Yes
ragi,65,Flowering,26,82,153,2,Yes
ragi,94,Grain/Pod Filling,26,81,153,1,No
groundnut,86,Flowering,26,83,153,1,No
groundnut,131,Grain/Pod Filling,26,80,194,0,No
ragi,113,Grain/Pod Filling,26,79,204,0,No
groundnut,22,Vegetative,26,82,214,0,No
Red Gram,65,Flowering,26,82,214,0,Yes
groundnut,143,Maturity,26,83,214,1,No
groundnut,120,Grain/Pod Filling,27,78,214,0,No
Red Gram,21,Vegetative,27,78,225,3,Yes
ragi,137,Maturity,27,79,194,7,Yes
groundnut,113,Grain/Pod Filling,26,83,194,2,No
Red Gram,61,Flowering,25,86,204,12,No
ragi,135,Grain/Pod Filling,24,85,184,17,No
Red Gram,85,Flowering,24,88,153,17,No
Red Gram,7,Germination,25,89,112,45,No
ragi,146,Maturity,25,88,122,12,No
groundnut,90,Flowering,25,83,81,0,No
groundnut,36,Vegetative,25,86,51,7,No
Red Gram,116,Grain/Pod Filling,26,80,122,1,Yes
ragi,124,Grain/Pod Filling,24,92,92,5,No
ragi,133,Grain/Pod Filling,25,87,51,1,No
ragi,18,Vegetative,25,83,71,0,Yes
groundnut,137,Maturity,24,91,71,16,No
Red Gram,87,Flowering,24,85,92,1,Yes
Red Gram,128,Grain/Pod Filling,23,81,112,0,Yes
ragi,106,Grain/Pod Filling,23,81,112,0,No
Red Gram,145,Maturity,24,80,122,0,No
ragi,109,Grain/Pod Filling,24,86,194,0,No
ragi,51,Flowering,21,82,214,0,Yes
groundnut,107,Grain/Pod Filling,24,86,225,0,No
Red Gram,75,Flowering,24,84,225,0,Yes
Red Gram,11,Germination,23,78,276,0,Yes
groundnut,134,Grain/Pod Filling,23,82,276,0,No
Red Gram,142,Maturity,23,83,286,0,No
groundnut,50,Flowering,22,82,286,0,No
ragi,39,Vegetative,24,84,286,0,Yes
groundnut,82,Flowering,23,79,296,0,No
groundnut,92,Grain/Pod Filling,22,78,306,0,No
groundnut,7,Germination,23,79,317,0,No
groundnut,144,Maturity,22,72,337,0,No
Red Gram,145,Maturity,21,72,358,0,No
ragi,54,Flowering,21,71,358,0,Yes
groundnut,114,Grain/Pod Filling,23,73,368,0,No
Red Gram,97,Grain/Pod Filling,22,73,368,0,Yes
ragi,50,Flowering,23,72,398,0,Yes
groundnut,54,Flowering,25,64,398,0,No
groundnut,92,Grain/Pod Filling,26,59,409,0,No
ragi,78,Flowering,26,45,409,0,Yes
ragi,80,Flowering,25,56,409,0,Yes
groundnut,37,Vegetative,25,51,409,0,No
ragi,81,Flowering,25,48,409,0,Yes
Red Gram,68,Flowering,24,47,419,0,Yes
groundnut,34,Vegetative,24,45,419,0,No
Red Gram,37,Vegetative,27,25,419,0,Yes
groundnut,31,Vegetative,28,24,419,0,No
ragi,126,Grain/Pod Filling,28,35,419,0,No
Red Gram,19,Vegetative,27,26,419,0,Yes
Red Gram,87,Flowering,29,31,419,0,Yes
ragi,36,Vegetative,30,28,419,0,Yes
ragi,68,Flowering,30,26,419,0,Yes
Red Gram,135,Grain/Pod Filling,32,20,419,0,Yes
ragi,39,Vegetative,32,27,419,0,Yes
ragi,52,Flowering,32,34,419,1,Yes
ragi,83,Flowering,32,33,419,0,Yes
groundnut,139,Maturity,30,50,398,2,No
Red Gram,86,Flowering,33,35,409,1,Yes
groundnut,144,Maturity,34,34,409,0,No
ragi,10,Germination,33,36,409,0,Yes
Red Gram,139,Maturity,33,36,409,2,No
ragi,48,Flowering,34,36,409,1,Yes
ragi,121,Grain/Pod Filling,30,64,398,1,No
groundnut,106,Grain/Pod Filling,29,63,398,5,No
Red Gram,29,Vegetative,30,61,398,1,No
Red Gram,73,Flowering,30,62,388,1,No
groundnut,48,Flowering,31,56,388,0,Yes
ragi,65,Flowering,28,73,368,3,Yes
groundnut,110,Grain/Pod Filling,29,61,368,1,No
Red Gram,68,Flowering,30,60,378,0,No
Red Gram,29,Vegetative,28,64,388,0,No
Red Gram,44,Vegetative,28,67,378,0,No
Red Gram,11,Germination,28,65,388,0,No
groundnut,5,Germination,26,76,347,17,No
groundnut,106,Grain/Pod Filling,28,71,347,0,No
groundnut,92,Grain/Pod Filling,28,70,358,4,No
Red Gram,1,Germination,27,77,337,7,Yes
ragi,127,Grain/Pod Filling,25,78,327,2,No
groundnut,71,Flowering,27,78,296,6,No
groundnut,122,Grain/Pod Filling,27,76,276,3,No
groundnut,45,Vegetative,25,84,265,14,No
Red Gram,94,Grain/Pod Filling,27,76,276,0,Yes
groundnut,49,Flowering,26,77,306,0,No
groundnut,102,Grain/Pod Filling,26,78,306,0,No
Red Gram,81,Flowering,27,71,306,0,Yes
groundnut,127,Grain/Pod Filling,27,73,327,0,No
Red Gram,34,Vegetative,28,71,337,2,Yes
Red Gram,41,Vegetative,28,70,347,0,No
ragi,63,Flowering,27,71,358,0,Yes
ragi,113,Grain/Pod Filling,24,80,368,4,No
groundnut,97,Grain/Pod Filling,27,78,337,7,No
groundnut,30,Vegetative,27,78,337,0,No
groundnut,91,Grain/Pod Filling,25,75,306,2,No
groundnut,122,Grain/Pod Filling,26,81,306,8,No
ragi,61,Flowering,25,81,286,8,Yes
Red Gram,148,Maturity,26,75,286,0,No
Red Gram,14,Germination,26,78,306,0,Yes
groundnut,10,Germination,27,75,317,0,No
ragi,143,Maturity,27,79,306,4,Yes
groundnut,113,Grain/Pod Filling,24,84,306,10,No
ragi,76,Flowering,27,73,317,0,Yes
ragi,113,Grain/Pod Filling,27,83,306,11,No
ragi,7,Germination,26,81,286,2,No
ragi,109,Grain/Pod Filling,26,81,306,0,No
ragi,45,Vegetative,24,72,327,0,Yes
groundnut,22,Vegetative,24,71,337,0,No
Red Gram,26,Vegetative,24,81,347,5,Yes
Red Gram,81,Flowering,22,75,368,1,Yes
ragi,72,Flowering,23,85,368,2,Yes
Red Gram,119,Grain/Pod Filling,25,82,368,3,Yes
ragi,76,Flowering,26,79,337,1,Yes
Red Gram,4,Germination,26,77,337,0,Yes
Red Gram,141,Maturity,26,78,347,0,No
ragi,129,Grain/Pod Filling,24,80,337,1,No
groundnut,95,Grain/Pod Filling,24,76,347,0,No
groundnut,38,Vegetative,24,79,347,0,No
ragi,93,Grain/Pod Filling,25,73,347,0,No
ragi,39,Vegetative,24,68,368,0,Yes
Red Gram,116,Grain/Pod Filling,23,80,388,0,Yes
ragi,90,Flowering,19,65,398,0,Yes
ragi,87,Flowering,22,55,398,0,Yes
ragi,102,Grain/Pod Filling,24,63,409,0,No
Red Gram,42,Vegetative,23,59,409,0,Yes
ragi,95,Grain/Pod Filling,26,61,409,0,No
ragi,1,Germination,24,59,409,0,Yes
groundnut,97,Grain/Pod Filling,22,41,409,0,No
groundnut,50,Flowering,22,40,409,0,No
ragi,126,Grain/Pod Filling,25,34,419,0,No
groundnut,139,Maturity,25,46,419,0,No
ragi,75,Flowering,26,53,419,0,Yes
ragi,111,Grain/Pod Filling,25,46,419,0,No
Red Gram,17,Vegetative,26,49,419,0,Yes
Red Gram,19,Vegetative,27,43,419,0,Yes
ragi,110,Grain/Pod Filling,27,42,419,0,No
Red Gram,81,Flowering,28,46,419,0,Yes
Red Gram,136,Maturity,28,35,419,0,No
ragi,16,Vegetative,30,32,419,0,Yes
Red Gram,55,Flowering,30,19,419,0,Yes
ragi,114,Grain/Pod Filling,33,34,419,0,No
groundnut,140,Maturity,33,30,419,0,No
Red Gram,115,Grain/Pod Filling,34,28,419,0,Yes
Red Gram,121,Grain/Pod Filling,34,28,419,0,Yes
ragi,46,Flowering,34,29,419,0,Yes
ragi,123,Grain/Pod Filling,33,32,419,0,No
groundnut,72,Flowering,33,35,419,0,Yes
ragi,96,Grain/Pod Filling,30,50,398,1,No
Red Gram,15,Germination,34,35,409,1,Yes
Red Gram,89,Flowering,35,34,409,0,Yes
Red Gram,37,Vegetative,34,41,409,3,Yes
groundnut,143,Maturity,32,38,409,1,No
groundnut,3,Germination,34,46,409,1,No
groundnut,79,Flowering,30,63,398,18,No
Red Gram,29,Vegetative,28,67,317,1,No
Red Gram,68,Flowering,29,63,327,0,No
ragi,99,Grain/Pod Filling,30,56,368,0,No
groundnut,107,Grain/Pod Filling,30,58,378,0,No
groundnut,104,Grain/Pod Filling,29,60,378,1,No
ragi,36,Vegetative,29,63,378,1,No
groundnut,94,Grain/Pod Filling,29,63,378,3,No
ragi,69,Flowering,29,62,388,0,No
groundnut,150,Maturity,29,56,398,0,No
Red Gram,5,Germination,30,55,409,0,No
ragi,101,Grain/Pod Filling,29,62,378,0,No
groundnut,88,Flowering,27,73,388,11,No
Red Gram,113,Grain/Pod Filling,27,73,368,3,Yes
ragi,39,Vegetative,27,72,368,5,No
Red Gram,140,Maturity,26,75,347,2,No
groundnut,52,Flowering,27,72,337,4,No
groundnut,93,Grain/Pod Filling,26,76,317,2,No
ragi,149,Maturity,27,70,327,0,Yes
groundnut,67,Flowering,28,68,327,1,No
ragi,130,Grain/Pod Filling,26,75,337,4,No
ragi,20,Vegetative,27,77,286,10,No
Red Gram,15,Germination,25,87,225,9,Yes
Red Gram,43,Vegetative,26,83,214,12,No
Red Gram,135,Grain/Pod Filling,26,76,225,0,Yes
ragi,118,Grain/Pod Filling,26,80,235,6,No
Red Gram,75,Flowering,26,83,235,4,Yes
ragi,26,Vegetative,26,81,184,20,Yes
groundnut,129,Grain/Pod Filling,25,88,153,3,No
ragi,28,Vegetative,26,80,204,0,No
Red Gram,104,Grain/Pod Filling,25,78,225,0,Yes
groundnut,97,Grain/Pod Filling,25,78,245,0,No
Red Gram,116,Grain/Pod Filling,25,86,255,2,Yes
ragi,86,Flowering,25,82,255,0,Yes
ragi,70,Flowering,25,81,225,0,Yes
ragi,130,Grain/Pod Filling,25,84,235,0,No
ragi,138,Maturity,25,87,194,4,Yes
ragi,5,Germination,25,88,194,3,Yes
groundnut,121,Grain/Pod Filling,26,86,204,3,No
Red Gram,30,Vegetative,26,86,214,3,Yes
Red Gram,52,Flowering,24,80,296,0,Yes
ragi,97,Grain/Pod Filling,23,70,327,0,No
ragi,138,Maturity,21,64,358,0,Yes
Red Gram,46,Flowering,21,66,358,0,No
Red Gram,139,Maturity,21,66,358,0,No
Red Gram,73,Flowering,25,72,388,0,Yes
Red Gram,114,Grain/Pod Filling,24,78,388,5,Yes
ragi,147,Maturity,24,82,388,2,Yes
groundnut,26,Vegetative,23,59,398,0,No
ragi,128,Grain/Pod Filling,23,55,409,0,No
groundnut,110,Grain/Pod Filling,26,68,409,0,No
Red Gram,120,Grain/Pod Filling,27,65,409,0,No
Red Gram,92,Grain/Pod Filling,27,59,409,0,No
Red Gram,39,Vegetative,27,59,409,0,Yes
ragi,51,Flowering,25,57,409,0,Yes
groundnut,83,Flowering,25,56,409,0,No
ragi,59,Flowering,25,56,409,0,Yes
groundnut,119,Grain/Pod Filling,22,41,409,0,No
groundnut,28,Vegetative,23,41,419,0,No
ragi,133,Grain/Pod Filling,24,42,419,0,No
groundnut,11,Germination,23,43,419,0,No
groundnut,7,Germination,23,50,419,0,No
groundnut,7,Germination,23,51,419,0,No
groundnut,114,Grain/Pod Filling,24,54,419,0,No
ragi,28,Vegetative,25,54,419,0,Yes
groundnut,12,Germination,26,55,419,0,No
groundnut,15,Germination,24,50,419,0,No
Red Gram,46,Flowering,25,60,419,0,No
Red Gram,44,Vegetative,26,55,419,0,Yes
ragi,44,Vegetative,26,38,419,0,Yes
ragi,115,Grain/Pod Filling,27,48,419,0,No
groundnut,117,Grain/Pod Filling,27,34,419,0,No
ragi,149,Maturity,27,23,419,0,Yes
ragi,145,Maturity,26,20,419,0,Yes
ragi,85,Flowering,26,26,419,0,Yes
ragi,101,Grain/Pod Filling,26,42,419,0,No
groundnut,116,Grain/Pod Filling,27,27,419,0,No
groundnut,99,Grain/Pod Filling,27,29,419,0,No
Red Gram,138,Maturity,27,31,419,0,No
ragi,3,Germination,28,30,419,0,Yes
ragi,148,Maturity,28,29,419,0,Yes
groundnut,114,Grain/Pod Filling,27,35,419,0,No
ragi,100,Grain/Pod Filling,28,32,419,0,No
groundnut,22,Vegetative,28,56,409,4,No
groundnut,135,Grain/Pod Filling,28,47,409,1,No
Red Gram,113,Grain/Pod Filling,27,34,409,0,Yes
Red Gram,19,Vegetative,30,31,409,0,Yes
ragi,128,Grain/Pod Filling,32,40,409,0,No
groundnut,139,Maturity,31,25,419,0,No
Red Gram,23,Vegetative,31,29,419,0,Yes
Red Gram,55,Flowering,31,22,419,0,Yes
Red Gram,137,Maturity,33,37,409,5,No
groundnut,121,Grain/Pod Filling,31,30,409,0,No
Red Gram,86,Flowering,32,28,409,0,Yes
Red Gram,40,Vegetative,33,30,409,1,Yes
ragi,25,Vegetative,32,32,409,0,Yes
Red Gram,109,Grain/Pod Filling,30,53,398,4,No
Red Gram,33,Vegetative,28,71,368,34,No
ragi,125,Grain/Pod Filling,27,74,317,30,No
Red Gram,130,Grain/Pod Filling,26,78,286,20,No
ragi,43,Vegetative,32,55,327,0,Yes
ragi,14,Germination,31,55,337,0,Yes
Red Gram,137,Maturity,32,51,388,1,No
ragi,124,Grain/Pod Filling,33,44,409,0,No
ragi,63,Flowering,34,38,409,0,Yes
groundnut,33,Vegetative,32,53,409,2,No
ragi,70,Flowering,32,50,409,0,No
groundnut,91,Grain/Pod Filling,32,50,409,0,No
groundnut,8,Germination,33,46,409,0,No
groundnut,3,Germination,32,46,409,0,No
groundnut,58,Flowering,29,55,398,3,No
ragi,75,Flowering,28,65,398,0,No
ragi,62,Flowering,29,64,388,2,No
ragi,22,Vegetative,29,62,398,1,No
groundnut,149,Maturity,28,68,398,1,No
groundnut,115,Grain/Pod Filling,27,70,337,4,No
groundnut,18,Vegetative,27,73,265,0,No
Red Gram,139,Maturity,27,74,286,0,No
Red Gram,31,Vegetative,28,67,327,0,No
groundnut,107,Grain/Pod Filling,28,66,368,0,No
ragi,21,Vegetative,29,64,388,2,No
groundnut,62,Flowering,29,64,378,0,No
ragi,19,Vegetative,24,80,368,5,Yes
ragi,32,Vegetative,26,73,337,1,No
ragi,22,Vegetative,26,72,347,0,No
groundnut,35,Vegetative,27,70,347,0,No
Red Gram,105,Grain/Pod Filling,28,67,378,0,No
ragi,68,Flowering,27,74,388,2,Yes
Red Gram,17,Vegetative,26,77,388,2,Yes
groundnut,94,Grain/Pod Filling,28,70,388,1,No
ragi,28,Vegetative,28,70,388,2,No
groundnut,31,Vegetative,30,50,409,0,No
Red Gram,100,Grain/Pod Filling,30,49,409,0,Yes
Red Gram,16,Vegetative,29,52,409,0,No
Red Gram,38,Vegetative,28,46,419,0,Yes
Red Gram,128,Grain/Pod Filling,27,64,419,0,No
ragi,64,Flowering,25,67,388,0,Yes
ragi,12,Germination,25,67,388,0,Yes
ragi,7,Germination,25,61,398,0,Yes
Red Gram,90,Flowering,27,67,409,0,No
ragi,11,Germination,27,62,409,1,Yes
groundnut,16,Vegetative,27,62,409,2,No
groundnut,74,Flowering,24,58,409,0,No
Red Gram,77,Flowering,24,55,409,0,No
ragi,54,Flowering,24,58,419,0,Yes
groundnut,82,Flowering,24,55,419,0,No
ragi,109,Grain/Pod Filling,24,58,419,0,No
Red Gram,40,Vegetative,25,52,419,0,Yes
groundnut,131,Grain/Pod Filling,26,49,419,0,No
Red Gram,34,Vegetative,26,48,419,0,Yes
Red Gram,52,Flowering,26,52,419,0,No
Red Gram,90,Flowering,27,51,419,0,No
groundnut,45,Vegetative,28,34,419,0,No
groundnut,41,Vegetative,27,47,419,0,No
ragi,60,Flowering,26,32,419,0,Yes
ragi,39,Vegetative,27,36,419,0,Yes
ragi,28,Vegetative,28,28,419,0,Yes
Red Gram,55,Flowering,27,24,419,0,Yes
Red Gram,43,Vegetative,30,32,419,0,Yes
groundnut,68,Flowering,32,29,419,0,Yes
groundnut,51,Flowering,30,34,419,0,No
groundnut,107,Grain/Pod Filling,32,32,419,0,No
ragi,101,Grain/Pod Filling,34,25,419,0,No
ragi,106,Grain/Pod Filling,33,27,419,0,No
groundnut,135,Grain/Pod Filling,33,35,419,0,No
ragi,37,Vegetative,33,37,419,1,Yes
ragi,129,Grain/Pod Filling,34,33,419,0,No
Red Gram,118,Grain/Pod Filling,35,29,409,0,Yes
ragi,60,Flowering,36,25,419,0,Yes
groundnut,42,Vegetative,36,21,419,0,No
Red Gram,89,Flowering,33,47,409,0,Yes
Red Gram,17,Vegetative,30,65,347,0,No
ragi,89,Flowering,31,60,368,1,No
groundnut,146,Maturity,31,58,378,0,No
groundnut,144,Maturity,33,51,398,0,No
ragi,59,Flowering,30,60,398,1,No
Red Gram,18,Vegetative,31,61,398,9,No
groundnut,135,Grain/Pod Filling,27,78,296,5,No
Red Gram,135,Grain/Pod Filling,26,73,296,2,Yes
ragi,16,Vegetative,28,72,296,0,No
ragi,35,Vegetative,28,73,306,7,No
groundnut,25,Vegetative,27,72,296,0,No
Red Gram,108,Grain/Pod Filling,28,70,306,0,No
groundnut,113,Grain/Pod Filling,27,71,306,0,No
Red Gram,45,Vegetative,27,66,327,0,Yes
ragi,140,Maturity,28,71,327,0,Yes
groundnut,139,Maturity,28,72,337,1,No
ragi,59,Flowering,27,70,337,1,Yes
groundnut,77,Flowering,27,75,327,2,No
groundnut,17,Vegetative,26,79,317,3,No
groundnut,27,Vegetative,27,79,347,1,No
Red Gram,19,Vegetative,27,72,347,0,Yes
Red Gram,142,Maturity,27,73,358,2,No
ragi,77,Flowering,26,81,327,24,Yes
groundnut,79,Flowering,27,75,306,3,No
ragi,49,Flowering,28,74,306,5,Yes
Red Gram,133,Grain/Pod Filling,28,76,317,3,Yes
Red Gram,86,Flowering,28,77,306,2,Yes
groundnut,13,Germination,28,80,296,10,No
Red Gram,83,Flowering,28,77,286,15,No
ragi,121,Grain/Pod Filling,26,80,286,3,No
Red Gram,38,Vegetative,27,76,286,1,Yes
ragi,121,Grain/Pod Filling,26,81,286,13,No
groundnut,40,Vegetative,24,84,255,12,No
groundnut,77,Flowering,26,79,255,4,No
ragi,119,Grain/Pod Filling,26,73,296,0,No
groundnut,138,Maturity,26,72,296,0,No
groundnut,97,Grain/Pod Filling,26,82,296,11,No
groundnut,97,Grain/Pod Filling,26,79,286,1,No
ragi,109,Grain/Pod Filling,26,86,296,9,No
groundnut,35,Vegetative,26,77,306,2,No
groundnut,115,Grain/Pod Filling,25,87,276,22,No
ragi,78,Flowering,25,86,265,5,Yes
groundnut,29,Vegetative,25,77,276,0,No
groundnut,143,Maturity,24,82,286,0,No
ragi,125,Grain/Pod Filling,26,77,317,0,No
Red Gram,127,Grain/Pod Filling,26,77,327,0,Yes
Red Gram,138,Maturity,23,78,358,0,No
groundnut,19,Vegetative,26,80,368,1,No
ragi,85,Flowering,27,71,398,0,Yes
ragi,76,Flowering,25,51,409,0,Yes
Red Gram,7,Germination,22,54,409,0,Yes
Red Gram,70,Flowering,25,55,409,0,No
groundnut,9,Germination,26,66,409,0,No
ragi,91,Grain/Pod Filling,26,58,409,0,No
Red Gram,31,Vegetative,26,61,409,0,Yes
ragi,4,Germination,26,63,409,0,Yes
groundnut,23,Vegetative,24,58,409,0,No
ragi,118,Grain/Pod Filling,23,56,419,0,No
Red Gram,116,Grain/Pod Filling,23,53,419,0,No
groundnut,8,Germination,23,54,419,0,No
groundnut,131,Grain/Pod Filling,24,46,419,0,No
ragi,106,Grain/Pod Filling,24,45,419,0,No
groundnut,29,Vegetative,25,46,419,0,No
groundnut,84,Flowering,25,49,419,0,No
ragi,105,Grain/Pod Filling,25,45,419,0,No
ragi,69,Flowering,25,30,419,0,Yes
groundnut,66,Flowering,26,38,419,0,No
groundnut,70,Flowering,26,38,419,0,No
ragi,2,Germination,27,40,419,0,Yes
ragi,150,Maturity,27,36,419,0,Yes
Red Gram,128,Grain/Pod Filling,26,21,419,0,Yes
Red Gram,27,Vegetative,27,22,419,0,Yes
groundnut,20,Vegetative,28,32,419,0,No
ragi,96,Grain/Pod Filling,29,36,419,0,No
Red Gram,79,Flowering,28,17,419,0,Yes
Red Gram,118,Grain/Pod Filling,30,36,419,0,Yes
ragi,150,Maturity,31,25,419,0,Yes
Red Gram,52,Flowering,32,36,419,0,Yes
ragi,39,Vegetative,32,41,419,0,Yes
groundnut,38,Vegetative,33,23,419,0,No
ragi,117,Grain/Pod Filling,32,40,409,0,No
groundnut,5,Germination,33,31,409,0,No
ragi,79,Flowering,33,38,409,0,Yes
groundnut,75,Flowering,33,45,398,8,Yes
groundnut,58,Flowering,34,45,398,2,No
ragi,113,Grain/Pod Filling,34,36,409,0,No
groundnut,37,Vegetative,33,41,409,0,No
groundnut,111,Grain/Pod Filling,33,27,409,0,No
ragi,68,Flowering,32,36,409,0,Yes
groundnut,74,Flowering,34,36,419,0,No
Red Gram,145,Maturity,33,48,398,1,No
Red Gram,34,Vegetative,28,74,317,2,Yes
groundnut,38,Vegetative,28,73,317,3,No
groundnut,11,Germination,26,76,317,3,No
ragi,81,Flowering,27,76,317,15,Yes
Red Gram,114,Grain/Pod Filling,26,84,276,15,No
groundnut,24,Vegetative,28,66,429,2,No
groundnut,28,Vegetative,28,65,429,2,No
groundnut,10,Germination,29,69,439,4,No
ragi,97,Grain/Pod Filling,28,75,429,12,No
ragi,132,Grain/Pod Filling,27,74,409,7,No
ragi,145,Maturity,27,72,409,3,Yes
ragi,50,Flowering,28,67,419,1,No
groundnut,80,Flowering,23,71,398,0,No
Red Gram,48,Flowering,22,70,409,0,No
Red Gram,23,Vegetative,24,43,429,0,Yes
ragi,48,Flowering,24,68,439,0,Yes
ragi,60,Flowering,25,61,439,0,Yes
groundnut,74,Flowering,25,60,439,0,No
Red Gram,58,Flowering,25,49,439,0,Yes
Red Gram,67,Flowering,25,38,439,0,Yes
Red Gram,23,Vegetative,26,37,450,0,Yes
Red Gram,77,Flowering,26,40,450,0,Yes
Red Gram,147,Maturity,28,40,450,0,No
Red Gram,32,Vegetative,28,42,450,0,Yes
Red Gram,77,Flowering,27,54,450,0,No
Red Gram,78,Flowering,26,57,450,0,No
groundnut,78,Flowering,29,50,450,0,No
Red Gram,126,Grain/Pod Filling,29,52,450,0,No
ragi,126,Grain/Pod Filling,29,37,450,0,No
Red Gram,115,Grain/Pod Filling,30,34,450,0,Yes
ragi,65,Flowering,30,35,450,0,Yes
ragi,63,Flowering,30,33,450,0,Yes
Red Gram,101,Grain/Pod Filling,30,39,450,0,Yes
Red Gram,101,Grain/Pod Filling,30,42,450,0,Yes
groundnut,6,Germination,31,37,450,1,No
groundnut,46,Flowering,30,34,450,0,No
ragi,101,Grain/Pod Filling,29,30,450,0,No
Red Gram,44,Vegetative,31,33,450,0,Yes
ragi,90,Flowering,28,57,439,2,No
ragi,129,Grain/Pod Filling,29,50,439,0,No
Red Gram,43,Vegetative,30,29,439,0,Yes
ragi,76,Flowering,31,35,450,0,Yes
ragi,87,Flowering,32,38,450,0,Yes
groundnut,104,Grain/Pod Filling,27,65,419,4,No
ragi,90,Flowering,29,62,429,7,No
groundnut,85,Flowering,29,62,419,2,No
groundnut,50,Flowering,29,66,419,0,No
groundnut,42,Vegetative,30,53,429,0,No
groundnut,45,Vegetative,30,56,439,0,No
Red Gram,11,Germination,27,77,388,18,No
Red Gram,139,Maturity,27,76,388,2,No
ragi,48,Flowering,26,73,419,2,Yes
Red Gram,116,Grain/Pod Filling,24,78,368,1,Yes
ragi,109,Grain/Pod Filling,24,81,337,3,No
Red Gram,95,Grain/Pod Filling,23,81,347,9,Yes
ragi,75,Flowering,24,83,337,4,Yes
groundnut,39,Vegetative,24,82,337,7,No
groundnut,115,Grain/Pod Filling,24,87,317,38,No
groundnut,51,Flowering,24,80,235,13,No
Red Gram,9,Germination,24,85,235,2,Yes
Red Gram,67,Flowering,24,85,214,6,Yes
groundnut,56,Flowering,24,85,225,3,No
Red Gram,80,Flowering,23,83,235,3,Yes
groundnut,76,Flowering,23,85,214,2,No
ragi,26,Vegetative,23,85,225,1,Yes
Red Gram,99,Grain/Pod Filling,23,86,235,1,Yes
ragi,58,Flowering,24,85,235,11,Yes
groundnut,34,Vegetative,23,86,245,1,No
ragi,116,Grain/Pod Filling,24,84,245,3,No
ragi,14,Germination,24,82,276,0,Yes
groundnut,147,Maturity,24,85,286,0,No
ragi,12,Germination,26,80,245,4,No
ragi,34,Vegetative,25,83,245,6,Yes
Red Gram,21,Vegetative,24,88,204,6,Yes
Red Gram,73,Flowering,22,87,204,7,Yes
Red Gram,19,Vegetative,23,85,214,3,Yes
groundnut,126,Grain/Pod Filling,22,83,214,6,No
ragi,116,Grain/Pod Filling,21,84,214,2,No
groundnut,24,Vegetative,22,90,225,2,No
Red Gram,140,Maturity,23,87,225,8,No
ragi,136,Maturity,22,92,153,39,No
groundnut,35,Vegetative,23,87,132,1,No
ragi,38,Vegetative,23,89,132,22,Yes
Red Gram,19,Vegetative,22,92,102,2,Yes
groundnut,56,Flowering,24,83,112,1,No
Red Gram,65,Flowering,22,83,132,0,Yes
ragi,19,Vegetative,23,86,173,0,Yes
groundnut,92,Grain/Pod Filling,22,84,194,0,No
groundnut,92,Grain/Pod Filling,23,87,204,2,No
groundnut,36,Vegetative,23,88,204,5,No
groundnut,101,Grain/Pod Filling,20,75,235,0,No
ragi,48,Flowering,20,78,245,0,Yes
groundnut,120,Grain/Pod Filling,20,92,255,3,No
Red Gram,56,Flowering,20,90,245,3,Yes
Red Gram,120,Grain/Pod Filling,22,85,245,0,Yes
Red Gram,25,Vegetative,22,84,255,0,Yes
ragi,26,Vegetative,20,81,265,0,Yes
Red Gram,103,Grain/Pod Filling,22,85,276,1,Yes
Red Gram,85,Flowering,21,76,276,0,Yes
ragi,133,Grain/Pod Filling,20,76,276,0,No
groundnut,41,Vegetative,20,76,296,0,No
groundnut,118,Grain/Pod Filling,21,82,317,0,No
Red Gram,88,Flowering,20,81,317,0,Yes
ragi,65,Flowering,19,75,337,0,Yes
Red Gram,118,Grain/Pod Filling,23,78,368,0,Yes
groundnut,109,Grain/Pod Filling,23,83,347,38,No
Red Gram,52,Flowering,22,81,296,0,Yes
ragi,146,Maturity,22,77,306,0,Yes
Red Gram,58,Flowering,21,77,327,0,Yes
groundnut,126,Grain/Pod Filling,22,77,337,0,No
groundnut,98,Grain/Pod Filling,22,71,347,0,No
ragi,76,Flowering,21,67,347,0,Yes
groundnut,80,Flowering,21,59,368,0,No
Red Gram,35,Vegetative,21,60,378,0,Yes
groundnut,126,Grain/Pod Filling,22,65,388,0,No
ragi,133,Grain/Pod Filling,22,62,398,0,No
groundnut,62,Flowering,22,61,398,0,No
Red Gram,64,Flowering,20,59,409,0,No
ragi,95,Grain/Pod Filling,25,58,419,0,No
groundnut,123,Grain/Pod Filling,25,62,409,0,No
Red Gram,116,Grain/Pod Filling,25,44,419,0,Yes
Red Gram,27,Vegetative,24,40,429,0,Yes
groundnut,74,Flowering,25,36,429,0,No
groundnut,87,Flowering,26,38,439,0,No
ragi,141,Maturity,27,34,439,0,Yes
groundnut,74,Flowering,27,33,439,0,No
ragi,134,Grain/Pod Filling,28,33,439,0,No
Red Gram,33,Vegetative,28,30,439,0,Yes
ragi,13,Germination,30,36,439,0,Yes
ragi,17,Vegetative,28,47,450,0,Yes
groundnut,89,Flowering,28,48,450,0,No
Red Gram,60,Flowering,30,33,450,0,Yes
Red Gram,87,Flowering,30,29,450,0,Yes
ragi,66,Flowering,29,56,429,0,No
ragi,66,Flowering,28,59,419,0,No
Red Gram,29,Vegetative,27,63,419,0,Yes
ragi,63,Flowering,30,55,429,0,No
Red Gram,85,Flowering,29,59,429,2,No
Red Gram,37,Vegetative,29,60,439,1,No
groundnut,122,Grain/Pod Filling,28,67,429,1,No
ragi,89,Flowering,25,77,388,7,Yes
groundnut,103,Grain/Pod Filling,26,75,398,2,No
groundnut,52,Flowering,24,82,378,11,No
Red Gram,72,Flowering,26,71,388,0,Yes
ragi,49,Flowering,25,81,358,19,Yes
Red Gram,28,Vegetative,26,73,358,0,Yes
Red Gram,5,Germination,23,70,378,2,Yes
groundnut,103,Grain/Pod Filling,23,78,378,3,No
groundnut,118,Grain/Pod Filling,25,80,398,1,No
Red Gram,100,Grain/Pod Filling,24,84,378,3,Yes
ragi,87,Flowering,23,78,378,1,Yes
Red Gram,147,Maturity,24,80,368,12,No
groundnut,139,Maturity,24,84,296,3,No
groundnut,103,Grain/Pod Filling,24,83,306,6,No
ragi,66,Flowering,25,79,337,3,Yes
Red Gram,50,Flowering,25,79,347,0,Yes
Red Gram,139,Maturity,24,80,347,1,No
ragi,127,Grain/Pod Filling,24,80,358,2,No
groundnut,140,Maturity,23,78,358,1,No
groundnut,136,Maturity,23,76,358,1,No
Red Gram,34,Vegetative,23,75,347,5,Yes
ragi,111,Grain/Pod Filling,24,76,358,0,No
groundnut,147,Maturity,24,81,347,1,No
Red Gram,8,Germination,24,81,347,5,Yes
groundnut,121,Grain/Pod Filling,24,83,337,3,No
Red Gram,141,Maturity,24,82,347,1,No
Red Gram,125,Grain/Pod Filling,24,82,368,4,Yes
Red Gram,38,Vegetative,24,74,378,1,Yes
Red Gram,74,Flowering,25,82,347,13,No
Red Gram,123,Grain/Pod Filling,24,87,265,11,No
Red Gram,142,Maturity,24,87,296,5,No
groundnut,126,Grain/Pod Filling,23,85,296,4,No
Red Gram,33,Vegetative,24,85,296,3,Yes
ragi,81,Flowering,24,85,296,6,Yes
groundnut,35,Vegetative,25,84,286,14,No
groundnut,102,Grain/Pod Filling,23,88,286,2,No
groundnut,2,Germination,24,85,306,5,No
ragi,144,Maturity,24,84,276,11,No
ragi,30,Vegetative,23,86,265,10,Yes
Red Gram,149,Maturity,22,78,286,0,No
Red Gram,78,Flowering,24,83,296,3,Yes
Red Gram,6,Germination,23,84,296,1,Yes
ragi,133,Grain/Pod Filling,23,87,286,9,No
groundnut,33,Vegetative,23,86,276,2,No
Red Gram,31,Vegetative,20,95,276,10,No
ragi,22,Vegetative,22,88,265,9,Yes
groundnut,105,Grain/Pod Filling,22,95,173,28,No
ragi,69,Flowering,23,85,173,5,Yes
ragi,14,Germination,23,86,194,1,Yes
Red Gram,14,Germination,23,85,225,0,Yes
Red Gram,23,Vegetative,22,83,245,4,Yes
ragi,63,Flowering,22,86,255,0,Yes
groundnut,11,Germination,19,73,286,0,No
ragi,129,Grain/Pod Filling,20,66,296,0,No
ragi,139,Maturity,20,74,306,0,Yes
Red Gram,14,Germination,20,74,306,0,Yes
ragi,58,Flowering,22,78,347,0,Yes
ragi,29,Vegetative,22,77,358,0,Yes
groundnut,66,Flowering,20,78,368,0,No
groundnut,135,Grain/Pod Filling,22,72,388,0,No
ragi,85,Flowering,20,72,388,0,Yes
ragi,49,Flowering,25,65,419,0,Yes
groundnut,106,Grain/Pod Filling,24,62,419,0,No
Red Gram,64,Flowering,23,49,429,0,Yes
Red Gram,150,Maturity,24,62,429,0,No
groundnut,105,Grain/Pod Filling,25,47,429,0,No
Red Gram,46,Flowering,24,44,439,0,Yes
Red Gram,138,Maturity,24,42,439,0,No
Red Gram,25,Vegetative,25,32,439,0,Yes
ragi,52,Flowering,28,34,439,0,Yes
ragi,51,Flowering,28,58,450,0,No
Red Gram,62,Flowering,28,57,439,1,No
Red Gram,78,Flowering,29,45,439,0,Yes
Red Gram,75,Flowering,31,46,439,0,Yes
groundnut,18,Vegetative,30,31,439,0,No
groundnut,136,Maturity,31,32,450,0,No
Red Gram,137,Maturity,31,32,450,0,No
groundnut,26,Vegetative,30,35,450,0,No
groundnut,29,Vegetative,30,46,450,1,No
groundnut,50,Flowering,28,65,429,6,No
ragi,33,Vegetative,27,69,419,20,No
ragi,128,Grain/Pod Filling,28,59,409,1,No
Red Gram,1,Germination,27,68,388,2,No
Red Gram,135,Grain/Pod Filling,26,77,347,15,No
Red Gram,70,Flowering,23,85,255,4,Yes
groundnut,40,Vegetative,26,79,327,1,No
groundnut,10,Germination,25,78,337,2,No
ragi,107,Grain/Pod Filling,25,73,358,0,No
ragi,131,Grain/Pod Filling,25,76,358,13,No
ragi,130,Grain/Pod Filling,24,76,337,0,No
ragi,60,Flowering,25,79,347,3,Yes
groundnut,91,Grain/Pod Filling,25,81,347,5,No
Red Gram,102,Grain/Pod Filling,24,83,337,8,Yes
groundnut,112,Grain/Pod Filling,23,84,337,4,No
ragi,12,Germination,23,83,306,8,Yes
groundnut,65,Flowering,23,85,306,3,No
ragi,90,Flowering,23,83,306,4,Yes
groundnut,58,Flowering,23,79,306,5,No
ragi,72,Flowering,24,84,306,6,Yes
groundnut,68,Flowering,24,81,306,0,No
Red Gram,37,Vegetative,23,85,317,1,Yes
ragi,77,Flowering,26,74,296,3,Yes
ragi,140,Maturity,25,80,296,4,Yes
ragi,27,Vegetative,24,90,286,20,Yes
Red Gram,138,Maturity,24,86,245,5,No
ragi,3,Germination,23,85,245,3,Yes
Red Gram,139,Maturity,23,80,245,2,No
ragi,36,Vegetative,24,81,245,2,Yes
groundnut,19,Vegetative,23,81,255,0,No
groundnut,5,Germination,24,81,286,0,No
groundnut,128,Grain/Pod Filling,24,83,245,2,No
ragi,22,Vegetative,24,83,255,6,Yes
Red Gram,72,Flowering,24,83,245,5,Yes
ragi,104,Grain/Pod Filling,23,86,214,5,No
Red Gram,121,Grain/Pod Filling,23,90,173,6,Yes
groundnut,115,Grain/Pod Filling,25,88,194,19,No
ragi,16,Vegetative,24,84,132,7,Yes
Red Gram,104,Grain/Pod Filling,23,86,153,1,Yes
groundnut,26,Vegetative,23,83,163,0,No
Red Gram,101,Grain/Pod Filling,22,84,204,1,Yes
ragi,42,Vegetative,23,84,225,1,Yes
groundnut,32,Vegetative,23,83,225,2,No
Red Gram,1,Germination,24,88,214,8,Yes
ragi,6,Germination,23,91,184,19,Yes
ragi,51,Flowering,24,83,163,6,Yes
Red Gram,94,Grain/Pod Filling,24,84,173,1,Yes
Red Gram,127,Grain/Pod Filling,23,85,184,0,Yes
groundnut,19,Vegetative,21,65,194,0,No
groundnut,129,Grain/Pod Filling,21,63,204,0,No
ragi,7,Germination,21,83,225,0,Yes
ragi,57,Flowering,22,86,225,1,Yes
ragi,109,Grain/Pod Filling,21,84,235,3,No
Red Gram,101,Grain/Pod Filling,22,84,276,0,Yes
Red Gram,92,Grain/Pod Filling,22,88,265,6,Yes
Red Gram,101,Grain/Pod Filling,22,87,265,1,Yes
groundnut,139,Maturity,22,88,306,2,No
groundnut,15,Germination,22,80,327,0,No
groundnut,73,Flowering,21,80,327,0,No
groundnut,37,Vegetative,23,77,347,0,No
groundnut,104,Grain/Pod Filling,22,82,347,0,No
Red Gram,70,Flowering,22,79,347,0,Yes
ragi,47,Flowering,21,72,347,0,Yes
groundnut,33,Vegetative,20,67,358,0,No
groundnut,23,Vegetative,20,88,347,16,No
Red Gram,132,Grain/Pod Filling,21,88,306,10,No
Red Gram,9,Germination,22,83,337,0,Yes
Red Gram,19,Vegetative,19,72,358,0,Yes
Red Gram,148,Maturity,23,78,368,0,No
Red Gram,45,Vegetative,23,73,378,0,Yes
ragi,90,Flowering,21,66,378,0,Yes
Red Gram,110,Grain/Pod Filling,21,68,388,0,No
Red Gram,143,Maturity,21,69,388,0,No
Red Gram,102,Grain/Pod Filling,21,69,388,0,No
groundnut,145,Maturity,21,72,388,0,No
Red Gram,118,Grain/Pod Filling,20,56,419,0,No
Red Gram,134,Grain/Pod Filling,20,60,419,0,No
groundnut,70,Flowering,21,62,419,0,No
groundnut,58,Flowering,22,64,429,0,No
groundnut,132,Grain/Pod Filling,22,54,429,0,No
Red Gram,127,Grain/Pod Filling,23,66,429,0,No
groundnut,22,Vegetative,24,54,429,0,No
groundnut,78,Flowering,24,57,439,0,No
ragi,5,Germination,24,59,439,0,Yes
ragi,124,Grain/Pod Filling,25,57,439,0,No
ragi,75,Flowering,25,45,439,0,Yes
ragi,81,Flowering,25,34,439,0,Yes
ragi,133,Grain/Pod Filling,24,34,439,0,No
Red Gram,80,Flowering,25,39,439,0,Yes
ragi,125,Grain/Pod Filling,25,37,439,0,No
Red Gram,126,Grain/Pod Filling,25,37,439,0,Yes
groundnut,126,Grain/Pod Filling,25,32,450,0,No
groundnut,109,Grain/Pod Filling,25,32,450,0,No
groundnut,106,Grain/Pod Filling,25,29,450,0,No
Red Gram,139,Maturity,26,41,450,0,No
Red Gram,6,Germination,26,27,450,0,Yes
groundnut,123,Grain/Pod Filling,26,28,450,0,No
Red Gram,30,Vegetative,26,33,450,0,Yes
groundnut,27,Vegetative,26,37,450,0,No
ragi,83,Flowering,27,34,450,0,Yes
Red Gram,126,Grain/Pod Filling,28,34,450,0,Yes
ragi,62,Flowering,29,44,450,1,Yes
groundnut,104,Grain/Pod Filling,28,47,439,1,No
groundnut,135,Grain/Pod Filling,25,48,439,0,No
ragi,89,Flowering,29,44,450,0,Yes
ragi,61,Flowering,28,44,450,0,Yes
groundnut,1,Germination,30,41,450,1,No
Red Gram,23,Vegetative,30,32,450,0,Yes
ragi,84,Flowering,30,36,450,0,Yes
groundnut,1,Germination,30,25,450,0,No
ragi,40,Vegetative,31,28,450,0,Yes
ragi,145,Maturity,30,47,450,1,No
groundnut,112,Grain/Pod Filling,31,38,450,0,No
groundnut,36,Vegetative,31,39,450,0,No
ragi,142,Maturity,29,56,439,4,Yes
ragi,48,Flowering,26,73,419,13,Yes
ragi,121,Grain/Pod Filling,26,68,419,1,No
ragi,110,Grain/Pod Filling,30,62,419,1,No
Red Gram,27,Vegetative,28,67,419,2,No
groundnut,150,Maturity,28,69,419,0,No
groundnut,122,Grain/Pod Filling,30,48,439,0,No
groundnut,15,Germination,32,43,439,0,No
Red Gram,13,Germination,31,54,439,3,Yes
groundnut,81,Flowering,28,65,429,7,No
Red Gram,21,Vegetative,29,58,429,0,No
ragi,35,Vegetative,27,73,419,7,No
groundnut,87,Flowering,29,61,429,0,No
Red Gram,73,Flowering,27,67,439,0,No
groundnut,146,Maturity,28,64,439,0,No
groundnut,10,Germination,28,63,439,0,No
ragi,138,Maturity,27,69,429,6,Yes
ragi,109,Grain/Pod Filling,26,65,429,0,No
groundnut,7,Germination,24,77,398,4,No
ragi,86,Flowering,24,75,398,3,Yes
ragi,135,Grain/Pod Filling,25,74,398,3,No
groundnut,32,Vegetative,24,81,388,2,No
Red Gram,120,Grain/Pod Filling,24,81,378,3,Yes
groundnut,31,Vegetative,25,75,378,3,No
Red Gram,76,Flowering,25,78,358,0,Yes
Red Gram,80,Flowering,25,77,368,0,Yes
ragi,13,Germination,25,76,378,0,No
ragi,69,Flowering,25,79,378,0,Yes
groundnut,76,Flowering,24,74,398,0,No
ragi,120,Grain/Pod Filling,26,72,409,0,No
groundnut,55,Flowering,26,74,398,0,No
groundnut,105,Grain/Pod Filling,26,70,409,0,No
groundnut,11,Germination,26,74,419,3,No
groundnut,99,Grain/Pod Filling,27,66,419,0,No
Red Gram,116,Grain/Pod Filling,26,76,419,5,Yes
groundnut,64,Flowering,23,83,358,9,No
Red Gram,78,Flowering,24,79,378,0,Yes
Red Gram,147,Maturity,25,77,388,2,No
ragi,138,Maturity,25,75,388,1,Yes
ragi,81,Flowering,25,76,398,0,Yes
ragi,142,Maturity,25,83,398,7,Yes
Red Gram,90,Flowering,24,83,378,2,Yes
groundnut,11,Germination,24,76,378,2,No
Red Gram,43,Vegetative,25,76,398,0,Yes
Red Gram,87,Flowering,25,77,398,0,Yes
ragi,4,Germination,26,77,398,5,No
Red Gram,91,Grain/Pod Filling,27,73,409,2,Yes
ragi,148,Maturity,27,72,398,2,Yes
groundnut,11,Germination,26,63,409,0,No
ragi,86,Flowering,26,61,409,0,Yes
ragi,56,Flowering,26,68,409,0,Yes
Red Gram,110,Grain/Pod Filling,27,64,419,0,No
groundnut,47,Flowering,24,75,429,1,No
groundnut,120,Grain/Pod Filling,27,62,429,0,No
ragi,41,Vegetative,28,60,439,0,No
ragi,102,Grain/Pod Filling,27,64,439,2,No
groundnut,94,Grain/Pod Filling,24,82,358,14,No
Red Gram,70,Flowering,23,69,378,0,No
Red Gram,8,Germination,25,73,409,0,Yes
Red Gram,109,Grain/Pod Filling,25,69,419,1,No
Red Gram,101,Grain/Pod Filling,25,69,429,0,No
ragi,93,Grain/Pod Filling,25,67,429,0,No
ragi,135,Grain/Pod Filling,22,81,429,2,No
ragi,36,Vegetative,23,56,439,0,Yes
Red Gram,16,Vegetative,23,58,439,0,Yes
ragi,41,Vegetative,24,58,439,0,Yes
Red Gram,91,Grain/Pod Filling,24,53,439,0,No
Red Gram,134,Grain/Pod Filling,23,61,439,1,No
ragi,46,Flowering,23,65,419,6,Yes
groundnut,4,Germination,24,59,429,0,No
Red Gram,64,Flowering,24,51,439,0,No
groundnut,75,Flowering,25,62,439,0,No
Red Gram,15,Germination,26,53,439,0,No
ragi,62,Flowering,24,58,439,0,Yes
Red Gram,21,Vegetative,24,59,439,0,Yes
Red Gram,104,Grain/Pod Filling,25,53,439,0,No
Red Gram,82,Flowering,24,42,450,0,Yes
groundnut,122,Grain/Pod Filling,26,41,450,0,No
groundnut,92,Grain/Pod Filling,27,36,450,0,No
ragi,58,Flowering,27,40,450,0,Yes
ragi,80,Flowering,26,34,450,0,Yes
Red Gram,3,Germination,27,36,450,0,Yes
Red Gram,53,Flowering,26,49,450,0,Yes
Red Gram,40,Vegetative,26,42,450,0,Yes
groundnut,110,Grain/Pod Filling,28,37,450,0,No
ragi,43,Vegetative,30,36,450,0,Yes
ragi,22,Vegetative,28,43,450,0,Yes
groundnut,117,Grain/Pod Filling,30,32,450,0,No
Red Gram,28,Vegetative,29,48,450,0,Yes
Red Gram,51,Flowering,29,45,450,0,Yes
ragi,141,Maturity,30,37,450,0,Yes
ragi,144,Maturity,31,26,450,0,Yes
ragi,14,Germination,31,27,450,0,Yes
groundnut,55,Flowering,32,32,450,0,Yes
groundnut,11,Germination,32,31,439,0,No
ragi,77,Flowering,32,43,450,0,Yes
Red Gram,91,Grain/Pod Filling,29,60,439,3,No
Red Gram,46,Flowering,31,45,439,0,Yes
ragi,38,Vegetative,32,41,439,0,Yes
Red Gram,99,Grain/Pod Filling,33,29,450,0,Yes
Red Gram,2,Germination,32,52,450,0,Yes
Red Gram,62,Flowering,32,41,450,0,Yes
ragi,42,Vegetative,32,50,450,0,Yes
Red Gram,99,Grain/Pod Filling,30,60,429,5,No
groundnut,86,Flowering,28,68,409,1,No
Red Gram,48,Flowering,28,64,419,2,No
ragi,83,Flowering,25,82,327,34,Yes
Red Gram,16,Vegetative,28,71,327,1,Yes
groundnut,97,Grain/Pod Filling,24,82,317,16,No
groundnut,86,Flowering,26,78,337,0,No
groundnut,50,Flowering,25,77,317,2,No
Red Gram,143,Maturity,24,71,337,3,No
Red Gram,39,Vegetative,25,77,337,0,Yes
Red Gram,16,Vegetative,26,71,347,1,Yes
groundnut,51,Flowering,25,73,347,1,No
ragi,122,Grain/Pod Filling,24,77,368,1,No
ragi,119,Grain/Pod Filling,25,75,368,2,No
ragi,31,Vegetative,23,74,368,3,Yes
groundnut,145,Maturity,24,79,347,3,No
Red Gram,104,Grain/Pod Filling,24,76,347,3,Yes
Red Gram,92,Grain/Pod Filling,24,84,327,9,Yes
Red Gram,148,Maturity,24,83,317,3,No
groundnut,125,Grain/Pod Filling,24,85,327,4,No
Red Gram,109,Grain/Pod Filling,24,84,317,4,Yes
Red Gram,100,Grain/Pod Filling,24,83,317,2,Yes
groundnut,95,Grain/Pod Filling,24,82,317,16,No
Red Gram,134,Grain/Pod Filling,26,82,306,11,No
Red Gram,97,Grain/Pod Filling,27,77,265,10,No
ragi,149,Maturity,25,83,173,15,No
groundnut,76,Flowering,24,87,214,0,No
groundnut,117,Grain/Pod Filling,24,83,225,2,No
Red Gram,27,Vegetative,23,83,235,2,Yes
Red Gram,106,Grain/Pod Filling,24,82,265,0,Yes
ragi,148,Maturity,24,82,276,1,Yes
ragi,72,Flowering,23,87,276,2,Yes
ragi,116,Grain/Pod Filling,24,85,276,2,No
Red Gram,127,Grain/Pod Filling,26,79,245,2,Yes
groundnut,33,Vegetative,26,73,265,0,No
ragi,4,Germination,24,83,265,11,Yes
ragi,17,Vegetative,25,83,255,5,Yes
Red Gram,34,Vegetative,25,85,255,12,No
ragi,122,Grain/Pod Filling,25,85,245,6,No
Red Gram,94,Grain/Pod Filling,25,84,245,1,Yes
groundnut,21,Vegetative,23,90,245,10,No
groundnut,3,Germination,23,90,214,41,No
Red Gram,100,Grain/Pod Filling,24,83,163,5,Yes
groundnut,55,Flowering,23,79,173,0,No
Red Gram,98,Grain/Pod Filling,24,84,204,1,Yes
Red Gram,22,Vegetative,23,82,225,0,Yes
ragi,37,Vegetative,23,85,225,0,Yes
Red Gram,74,Flowering,23,83,235,0,Yes
Red Gram,114,Grain/Pod Filling,22,80,235,0,Yes
Red Gram,125,Grain/Pod Filling,22,82,255,0,Yes
Red Gram,6,Germination,24,86,276,1,Yes
ragi,59,Flowering,22,83,296,0,Yes
groundnut,124,Grain/Pod Filling,21,79,306,0,No
ragi,13,Germination,21,81,317,0,Yes
Red Gram,55,Flowering,21,79,327,0,Yes
ragi,102,Grain/Pod Filling,23,88,327,13,No
Red Gram,130,Grain/Pod Filling,24,84,296,1,Yes
Red Gram,2,Germination,24,81,306,0,Yes
Red Gram,141,Maturity,24,81,317,0,No
Red Gram,17,Vegetative,22,87,327,1,Yes
groundnut,8,Germination,24,78,358,0,No
ragi,11,Germination,23,78,368,0,Yes
Red Gram,46,Flowering,24,80,368,2,Yes
groundnut,14,Germination,22,68,378,0,No
ragi,122,Grain/Pod Filling,21,74,378,0,No
groundnut,130,Grain/Pod Filling,20,67,388,0,No
ragi,93,Grain/Pod Filling,20,65,388,0,No
Red Gram,31,Vegetative,23,69,398,0,Yes
groundnut,121,Grain/Pod Filling,23,65,409,0,No
Red Gram,76,Flowering,23,43,429,0,Yes
groundnut,122,Grain/Pod Filling,24,43,429,0,No
Red Gram,63,Flowering,25,38,429,0,Yes
ragi,95,Grain/Pod Filling,24,43,439,0,No
Red Gram,10,Germination,25,33,439,0,Yes
ragi,32,Vegetative,26,40,439,0,Yes
ragi,103,Grain/Pod Filling,26,33,439,0,No
ragi,150,Maturity,26,35,450,0,Yes
Red Gram,121,Grain/Pod Filling,26,41,450,0,Yes
ragi,132,Grain/Pod Filling,27,22,450,0,No
ragi,5,Germination,28,26,450,0,Yes
ragi,132,Grain/Pod Filling,28,47,450,0,No
ragi,66,Flowering,29,44,450,0,Yes
groundnut,23,Vegetative,30,42,450,0,No
Red Gram,98,Grain/Pod Filling,30,33,450,0,Yes
groundnut,100,Grain/Pod Filling,29,29,439,0,No
Red Gram,144,Maturity,29,36,439,0,No
Red Gram,55,Flowering,27,68,429,19,No
ragi,99,Grain/Pod Filling,28,49,419,0,No
Red Gram,90,Flowering,28,49,429,0,Yes
Red Gram,144,Maturity,28,53,419,0,No
groundnut,63,Flowering,28,63,419,12,No
groundnut,84,Flowering,29,62,429,2,No
ragi,55,Flowering,29,63,419,7,No
Red Gram,3,Germination,30,47,419,0,Yes
Red Gram,106,Grain/Pod Filling,29,56,429,0,No
Red Gram,75,Flowering,28,65,398,3,No
groundnut,71,Flowering,28,68,388,11,No
Red Gram,70,Flowering,27,61,419,2,No
ragi,99,Grain/Pod Filling,26,65,419,0,No
Red Gram,26,Vegetative,24,84,388,24,No
Red Gram,73,Flowering,26,74,378,4,Yes
Red Gram,133,Grain/Pod Filling,26,77,286,6,Yes
Red Gram,23,Vegetative,24,87,286,4,Yes
groundnut,131,Grain/Pod Filling,24,78,317,0,No
groundnut,28,Vegetative,24,83,439,10,No
groundnut,98,Grain/Pod Filling,24,89,398,14,No
Red Gram,112,Grain/Pod Filling,24,83,409,2,Yes
Red Gram,62,Flowering,24,78,429,1,Yes
ragi,49,Flowering,24,78,429,1,Yes
Red Gram,80,Flowering,23,56,398,0,No
Red Gram,136,Maturity,25,50,409,0,No
groundnut,117,Grain/Pod Filling,24,47,409,0,No
Red Gram,100,Grain/Pod Filling,25,51,419,0,No
Red Gram,123,Grain/Pod Filling,26,30,419,0,Yes
Red Gram,141,Maturity,26,35,419,0,No
Red Gram,70,Flowering,26,41,419,0,Yes
ragi,60,Flowering,27,30,419,0,Yes
ragi,14,Germination,28,44,419,1,Yes
groundnut,24,Vegetative,28,45,419,0,No
Red Gram,81,Flowering,31,33,419,0,Yes
Red Gram,140,Maturity,31,36,419,1,No
groundnut,38,Vegetative,30,38,419,0,No
Red Gram,10,Germination,30,25,419,0,Yes
Red Gram,104,Grain/Pod Filling,32,37,419,0,Yes
Red Gram,87,Flowering,27,52,317,2,No
ragi,22,Vegetative,28,53,347,0,Yes
ragi,55,Flowering,29,49,378,1,Yes
Red Gram,65,Flowering,30,57,378,2,No
groundnut,68,Flowering,30,49,378,0,No
Red Gram,53,Flowering,30,56,388,0,No
groundnut,40,Vegetative,30,56,388,0,No
ragi,118,Grain/Pod Filling,30,57,398,0,No
Red Gram,61,Flowering,30,47,398,0,Yes
groundnut,37,Vegetative,31,49,409,1,No
ragi,59,Flowering,30,54,409,3,No
Red Gram,81,Flowering,31,55,409,0,Yes
groundnut,51,Flowering,31,57,398,1,Yes
groundnut,127,Grain/Pod Filling,25,79,347,6,No
Red Gram,1,Germination,27,69,368,1,No
ragi,6,Germination,25,77,368,4,No
groundnut,26,Vegetative,26,74,368,1,No
Red Gram,17,Vegetative,26,74,358,1,Yes
groundnut,47,Flowering,26,80,358,3,No
ragi,125,Grain/Pod Filling,24,85,306,25,No
Red Gram,115,Grain/Pod Filling,24,82,235,23,No
ragi,115,Grain/Pod Filling,24,82,245,7,No
ragi,119,Grain/Pod Filling,25,82,245,2,No
ragi,61,Flowering,24,84,204,4,Yes
groundnut,65,Flowering,24,84,214,1,No
groundnut,1,Germination,25,85,173,9,No
groundnut,85,Flowering,24,85,184,6,No
ragi,20,Vegetative,24,87,173,17,Yes
Red Gram,117,Grain/Pod Filling,24,88,153,28,No
groundnut,131,Grain/Pod Filling,24,84,163,0,No
Red Gram,40,Vegetative,25,86,143,4,Yes
Red Gram,136,Maturity,23,88,122,8,No
groundnut,63,Flowering,24,88,112,3,No
groundnut,37,Vegetative,23,90,112,14,No
groundnut,9,Germination,23,87,112,6,No
ragi,58,Flowering,23,86,102,2,Yes
ragi,88,Flowering,24,87,112,1,Yes
Red Gram,54,Flowering,23,88,112,8,Yes
ragi,30,Vegetative,23,86,112,0,Yes
groundnut,78,Flowering,23,85,122,1,No
Red Gram,47,Flowering,25,82,143,4,Yes
Red Gram,132,Grain/Pod Filling,23,93,92,8,Yes
Red Gram,21,Vegetative,23,95,61,41,No
ragi,118,Grain/Pod Filling,24,86,61,1,No
ragi,115,Grain/Pod Filling,25,85,71,0,No
Red Gram,143,Maturity,24,83,81,0,No
Red Gram,78,Flowering,23,83,102,0,Yes
Red Gram,2,Germination,22,82,112,0,Yes
Red Gram,130,Grain/Pod Filling,21,79,163,0,Yes
Red Gram,75,Flowering,22,88,184,0,Yes
groundnut,138,Maturity,24,86,214,0,No
ragi,23,Vegetative,23,82,225,0,Yes
groundnut,48,Flowering,22,87,245,0,No
ragi,29,Vegetative,22,86,255,1,Yes
groundnut,23,Vegetative,22,82,286,0,No
groundnut,148,Maturity,22,82,306,1,No
Red Gram,84,Flowering,22,80,306,0,Yes
groundnut,25,Vegetative,21,74,317,0,No
groundnut,104,Grain/Pod Filling,20,71,317,0,No
ragi,8,Germination,21,74,327,0,Yes
groundnut,127,Grain/Pod Filling,21,72,327,0,No
Red Gram,20,Vegetative,22,73,337,0,Yes
ragi,144,Maturity,20,71,347,0,Yes
groundnut,34,Vegetative,19,69,347,0,No
ragi,93,Grain/Pod Filling,21,69,358,0,No
Red Gram,9,Germination,22,74,368,0,Yes
Red Gram,108,Grain/Pod Filling,23,71,368,0,Yes
groundnut,132,Grain/Pod Filling,24,68,378,0,No
groundnut,75,Flowering,23,68,388,0,No
Red Gram,26,Vegetative,23,64,388,0,Yes
ragi,142,Maturity,23,60,398,0,Yes
groundnut,135,Grain/Pod Filling,23,56,398,0,No
groundnut,57,Flowering,22,53,409,0,No
ragi,83,Flowering,23,49,409,0,Yes
ragi,35,Vegetative,23,50,409,0,Yes
Red Gram,134,Grain/Pod Filling,23,50,409,0,No
ragi,79,Flowering,23,48,409,0,Yes
groundnut,135,Grain/Pod Filling,23,43,409,0,No
ragi,26,Vegetative,24,43,419,0,Yes
Red Gram,47,Flowering,22,59,409,0,No
groundnut,145,Maturity,22,65,409,2,No
groundnut,95,Grain/Pod Filling,25,58,398,0,No
ragi,88,Flowering,27,33,419,0,Yes
ragi,9,Germination,26,26,419,0,Yes
ragi,99,Grain/Pod Filling,27,25,419,0,No
ragi,150,Maturity,27,27,419,0,Yes
groundnut,65,Flowering,28,28,419,0,No
Red Gram,7,Germination,28,27,419,0,Yes
Red Gram,17,Vegetative,30,29,419,0,Yes
ragi,78,Flowering,30,29,419,0,Yes
groundnut,124,Grain/Pod Filling,31,29,419,0,No
Red Gram,29,Vegetative,30,41,419,0,Yes
Red Gram,149,Maturity,29,43,419,0,No
Red Gram,150,Maturity,30,34,419,0,No
groundnut,1,Germination,31,39,419,0,No
groundnut,45,Vegetative,32,33,419,1,No
Red Gram,130,Grain/Pod Filling,32,39,419,0,Yes
ragi,145,Maturity,32,39,419,2,Yes
ragi,19,Vegetative,29,58,388,0,Yes
groundnut,136,Maturity,29,62,368,1,No
ragi,96,Grain/Pod Filling,30,58,378,1,No
ragi,130,Grain/Pod Filling,29,65,378,5,No
Red Gram,71,Flowering,27,74,347,13,No
Red Gram,98,Grain/Pod Filling,26,77,265,16,No
Red Gram,87,Flowering,26,76,296,0,Yes
ragi,142,Maturity,26,77,327,0,Yes
groundnut,124,Grain/Pod Filling,27,78,317,8,No
ragi,85,Flowering,26,79,317,3,Yes
ragi,108,Grain/Pod Filling,26,74,317,3,No
ragi,122,Grain/Pod Filling,24,79,337,4,No
ragi,76,Flowering,24,78,317,9,Yes
Red Gram,46,Flowering,24,77,317,3,Yes
groundnut,149,Maturity,25,85,265,28,No
Red Gram,139,Maturity,24,84,235,3,No
ragi,76,Flowering,24,83,265,1,Yes
groundnut,8,Germination,26,77,276,0,No
Red Gram,102,Grain/Pod Filling,25,85,255,3,Yes
ragi,150,Maturity,24,82,245,3,Yes
groundnut,127,Grain/Pod Filling,25,82,184,2,No
ragi,6,Germination,24,83,194,1,Yes
ragi,72,Flowering,25,81,204,0,Yes
groundnut,69,Flowering,24,84,214,1,No
Red Gram,43,Vegetative,24,81,225,1,Yes
Red Gram,75,Flowering,24,83,225,3,Yes
Red Gram,89,Flowering,25,82,225,2,Yes
Red Gram,145,Maturity,25,81,235,0,No
groundnut,41,Vegetative,24,82,245,0,No
Red Gram,18,Vegetative,23,79,255,4,Yes
Red Gram,145,Maturity,25,80,265,3,No
ragi,92,Grain/Pod Filling,25,79,265,1,No
ragi,61,Flowering,24,82,245,2,Yes
ragi,98,Grain/Pod Filling,25,82,255,2,No
ragi,50,Flowering,24,86,255,4,Yes
Red Gram,21,Vegetative,24,85,286,13,No
ragi,52,Flowering,25,82,276,3,Yes
ragi,32,Vegetative,24,85,276,4,Yes
groundnut,107,Grain/Pod Filling,23,86,286,4,No
ragi,55,Flowering,22,82,286,2,Yes
Red Gram,9,Germination,26,82,245,3,Yes
Red Gram,130,Grain/Pod Filling,24,88,214,2,Yes
groundnut,126,Grain/Pod Filling,24,82,265,0,No
ragi,90,Flowering,24,80,276,0,Yes
Red Gram,68,Flowering,23,83,286,2,Yes
ragi,109,Grain/Pod Filling,22,72,306,0,No
ragi,63,Flowering,24,83,306,0,Yes
groundnut,11,Germination,22,69,337,0,No
ragi,100,Grain/Pod Filling,21,74,337,0,No
ragi,104,Grain/Pod Filling,25,85,317,16,No
ragi,103,Grain/Pod Filling,24,84,276,2,No
ragi,123,Grain/Pod Filling,21,77,296,0,No
ragi,60,Flowering,23,83,296,1,Yes
groundnut,115,Grain/Pod Filling,22,82,337,0,No
ragi,81,Flowering,21,79,337,0,Yes
Red Gram,24,Vegetative,21,71,337,0,Yes
ragi,50,Flowering,20,69,347,0,Yes
Red Gram,26,Vegetative,18,65,347,0,Yes
groundnut,147,Maturity,21,58,358,0,No
Red Gram,125,Grain/Pod Filling,22,76,378,0,Yes
ragi,115,Grain/Pod Filling,23,70,378,0,No
ragi,6,Germination,22,71,378,0,Yes
ragi,125,Grain/Pod Filling,21,66,388,0,No
ragi,143,Maturity,22,68,388,0,Yes
Red Gram,121,Grain/Pod Filling,22,70,398,0,No
groundnut,27,Vegetative,21,69,398,0,No
groundnut,141,Maturity,20,73,398,0,No
ragi,79,Flowering,22,66,398,0,Yes
groundnut,105,Grain/Pod Filling,23,64,398,0,No
groundnut,123,Grain/Pod Filling,23,62,409,0,No
groundnut,45,Vegetative,24,46,409,0,No
ragi,38,Vegetative,23,56,419,0,Yes
ragi,63,Flowering,25,54,419,0,Yes
ragi,59,Flowering,24,41,419,0,Yes
groundnut,41,Vegetative,27,40,419,0,No
ragi,86,Flowering,27,39,419,0,Yes
groundnut,140,Maturity,27,29,419,0,No
ragi,56,Flowering,29,29,419,0,Yes
ragi,61,Flowering,28,29,419,0,Yes
ragi,136,Maturity,29,28,419,0,Yes
ragi,99,Grain/Pod Filling,30,48,419,2,No
ragi,149,Maturity,31,46,419,1,No
Red Gram,46,Flowering,31,47,419,0,Yes
groundnut,114,Grain/Pod Filling,31,44,419,0,No
groundnut,100,Grain/Pod Filling,31,42,419,1,No
Red Gram,135,Grain/Pod Filling,32,40,419,0,Yes
Red Gram,61,Flowering,31,39,419,0,Yes
ragi,125,Grain/Pod Filling,32,30,419,1,No
groundnut,115,Grain/Pod Filling,32,30,419,0,No
Red Gram,115,Grain/Pod Filling,32,35,419,0,Yes
ragi,110,Grain/Pod Filling,31,48,419,1,No
groundnut,150,Maturity,30,54,398,1,No
Red Gram,141,Maturity,30,51,409,0,No
ragi,49,Flowering,31,52,388,0,No
ragi,49,Flowering,30,55,398,1,No
Red Gram,18,Vegetative,31,54,409,3,No
ragi,5,Germination,28,68,398,3,Yes
groundnut,116,Grain/Pod Filling,28,72,327,0,No
groundnut,130,Grain/Pod Filling,28,62,347,0,No
groundnut,90,Flowering,28,63,358,0,No
groundnut,86,Flowering,28,64,358,0,No
groundnut,87,Flowering,27,71,368,1,No
groundnut,20,Vegetative,27,71,347,2,No
groundnut,2,Germination,28,66,347,0,No
Red Gram,65,Flowering,27,73,347,7,Yes
groundnut,119,Grain/Pod Filling,25,80,347,1,No
groundnut,96,Grain/Pod Filling,26,75,347,1,No
Red Gram,93,Grain/Pod Filling,27,74,358,0,Yes
Red Gram,30,Vegetative,27,73,358,1,Yes
groundnut,36,Vegetative,25,77,368,0,No
Red Gram,25,Vegetative,26,74,347,4,Yes
Red Gram,86,Flowering,26,78,347,1,Yes
Red Gram,88,Flowering,25,79,327,9,Yes
ragi,12,Germination,24,85,317,6,Yes
Red Gram,85,Flowering,24,83,306,5,Yes
Red Gram,148,Maturity,25,80,296,7,No
groundnut,41,Vegetative,25,81,306,0,No
groundnut,11,Germination,24,83,306,1,No
groundnut,131,Grain/Pod Filling,24,80,306,0,No
groundnut,11,Germination,25,84,276,49,No
Red Gram,96,Grain/Pod Filling,24,89,173,21,No
groundnut,121,Grain/Pod Filling,25,84,173,3,No
Red Gram,17,Vegetative,24,88,184,6,Yes
groundnut,117,Grain/Pod Filling,24,82,173,1,No
Red Gram,97,Grain/Pod Filling,24,82,194,1,Yes
Red Gram,89,Flowering,24,82,235,1,Yes
ragi,31,Vegetative,23,86,194,5,Yes
ragi,149,Maturity,25,80,184,17,No
Red Gram,86,Flowering,25,83,153,56,No
ragi,66,Flowering,23,89,81,8,Yes
ragi,86,Flowering,24,86,112,1,Yes
